CONTRACT_ID,PLAN_ID,SEGMENT_ID,CONTRACT_NAME,PLAN_NAME,FORMULARY_ID,PREMIUM,DEDUCTIBLE,MA_REGION_CODE,PDP_REGION_CODE,STATE,COUNTY_CODE,SNP,PLAN_SUPPRESSED_YN
H5216,246,000,HUMANA INSURANCE COMPANY,HumanaChoice - Diabetes and Heart (PPO C-SNP),00025458,0.00,450.00, , ,GA,11000,1,N
H5216,246,000,HUMANA INSURANCE COMPANY,HumanaChoice - Diabetes and Heart (PPO C-SNP),00025458,0.00,450.00, , ,GA,11010,1,N
H5216,246,000,HUMANA INSURANCE COMPANY,HumanaChoice - Diabetes and Heart (PPO C-SNP),00025458,0.00,450.00, , ,GA,11011,1,N
H5216,246,000,HUMANA INSURANCE COMPANY,HumanaChoice - Diabetes and Heart (PPO C-SNP),00025458,0.00,450.00, , ,GA,11020,1,N
H5216,246,000,HUMANA INSURANCE COMPANY,HumanaChoice - Diabetes and Heart (PPO C-SNP),00025458,0.00,450.00, , ,GA,11030,1,N
H5216,246,000,HUMANA INSURANCE COMPANY,HumanaChoice - Diabetes and Heart (PPO C-SNP),00025458,0.00,450.00, , ,GA,11040,1,N
H5216,246,000,HUMANA INSURANCE COMPANY,HumanaChoice - Diabetes and Heart (PPO C-SNP),00025458,0.00,450.00, , ,GA,11050,1,N
H5216,246,000,HUMANA INSURANCE COMPANY,HumanaChoice - Diabetes and Heart (PPO C-SNP),00025458,0.00,450.00, , ,GA,11060,1,N
H5216,246,000,HUMANA INSURANCE COMPANY,HumanaChoice - Diabetes and Heart (PPO C-SNP),00025458,0.00,450.00, , ,GA,11070,1,N
H5216,246,000,HUMANA INSURANCE COMPANY,HumanaChoice - Diabetes and Heart (PPO C-SNP),00025458,0.00,450.00, , ,GA,11080,1,N
H5216,246,000,HUMANA INSURANCE COMPANY,HumanaChoice - Diabetes and Heart (PPO C-SNP),00025458,0.00,450.00, , ,GA,11090,1,N
H5216,246,000,HUMANA INSURANCE COMPANY,HumanaChoice - Diabetes and Heart (PPO C-SNP),00025458,0.00,450.00, , ,GA,11100,1,N
H5216,246,000,HUMANA INSURANCE COMPANY,HumanaChoice - Diabetes and Heart (PPO C-SNP),00025458,0.00,450.00, , ,GA,11110,1,N
H5216,246,000,HUMANA INSURANCE COMPANY,HumanaChoice - Diabetes and Heart (PPO C-SNP),00025458,0.00,450.00, , ,GA,11120,1,N
H5216,246,000,HUMANA INSURANCE COMPANY,HumanaChoice - Diabetes and Heart (PPO C-SNP),00025458,0.00,450.00, , ,GA,11130,1,N
H5216,246,000,HUMANA INSURANCE COMPANY,HumanaChoice - Diabetes and Heart (PPO C-SNP),00025458,0.00,450.00, , ,GA,11140,1,N
H5216,246,000,HUMANA INSURANCE COMPANY,HumanaChoice - Diabetes and Heart (PPO C-SNP),00025458,0.00,450.00, , ,GA,11150,1,N
H5216,246,000,HUMANA INSURANCE COMPANY,HumanaChoice - Diabetes and Heart (PPO C-SNP),00025458,0.00,450.00, , ,GA,11160,1,N
H5216,246,000,HUMANA INSURANCE COMPANY,HumanaChoice - Diabetes and Heart (PPO C-SNP),00025458,0.00,450.00, , ,GA,11161,1,N
H5216,246,000,HUMANA INSURANCE COMPANY,HumanaChoice - Diabetes and Heart (PPO C-SNP),00025458,0.00,450.00, , ,GA,11170,1,N
H5216,246,000,HUMANA INSURANCE COMPANY,HumanaChoice - Diabetes and Heart (PPO C-SNP),00025458,0.00,450.00, , ,GA,11180,1,N
H5216,246,000,HUMANA INSURANCE COMPANY,HumanaChoice - Diabetes and Heart (PPO C-SNP),00025458,0.00,450.00, , ,GA,11190,1,N
H5216,246,000,HUMANA INSURANCE COMPANY,HumanaChoice - Diabetes and Heart (PPO C-SNP),00025458,0.00,450.00, , ,GA,11200,1,N
H5216,246,000,HUMANA INSURANCE COMPANY,HumanaChoice - Diabetes and Heart (PPO C-SNP),00025458,0.00,450.00, , ,GA,11210,1,N
H5216,246,000,HUMANA INSURANCE COMPANY,HumanaChoice - Diabetes and Heart (PPO C-SNP),00025458,0.00,450.00, , ,GA,11220,1,N
H5216,246,000,HUMANA INSURANCE COMPANY,HumanaChoice - Diabetes and Heart (PPO C-SNP),00025458,0.00,450.00, , ,GA,11230,1,N
H5216,246,000,HUMANA INSURANCE COMPANY,HumanaChoice - Diabetes and Heart (PPO C-SNP),00025458,0.00,450.00, , ,GA,11240,1,N
H5216,246,000,HUMANA INSURANCE COMPANY,HumanaChoice - Diabetes and Heart (PPO C-SNP),00025458,0.00,450.00, , ,GA,11250,1,N
H5216,246,000,HUMANA INSURANCE COMPANY,HumanaChoice - Diabetes and Heart (PPO C-SNP),00025458,0.00,450.00, , ,GA,11260,1,N
H5216,246,000,HUMANA INSURANCE COMPANY,HumanaChoice - Diabetes and Heart (PPO C-SNP),00025458,0.00,450.00, , ,GA,11270,1,N
H5216,246,000,HUMANA INSURANCE COMPANY,HumanaChoice - Diabetes and Heart (PPO C-SNP),00025458,0.00,450.00, , ,GA,11280,1,N
H5216,246,000,HUMANA INSURANCE COMPANY,HumanaChoice - Diabetes and Heart (PPO C-SNP),00025458,0.00,450.00, , ,GA,11281,1,N
H5216,246,000,HUMANA INSURANCE COMPANY,HumanaChoice - Diabetes and Heart (PPO C-SNP),00025458,0.00,450.00, , ,GA,11290,1,N
H5216,246,000,HUMANA INSURANCE COMPANY,HumanaChoice - Diabetes and Heart (PPO C-SNP),00025458,0.00,450.00, , ,GA,11291,1,N
H5216,246,000,HUMANA INSURANCE COMPANY,HumanaChoice - Diabetes and Heart (PPO C-SNP),00025458,0.00,450.00, , ,GA,11300,1,N
H5216,246,000,HUMANA INSURANCE COMPANY,HumanaChoice - Diabetes and Heart (PPO C-SNP),00025458,0.00,450.00, , ,GA,11310,1,N
H5216,246,000,HUMANA INSURANCE COMPANY,HumanaChoice - Diabetes and Heart (PPO C-SNP),00025458,0.00,450.00, , ,GA,11311,1,N
H5216,246,000,HUMANA INSURANCE COMPANY,HumanaChoice - Diabetes and Heart (PPO C-SNP),00025458,0.00,450.00, , ,GA,11320,1,N
H5216,246,000,HUMANA INSURANCE COMPANY,HumanaChoice - Diabetes and Heart (PPO C-SNP),00025458,0.00,450.00, , ,GA,11330,1,N
H5216,246,000,HUMANA INSURANCE COMPANY,HumanaChoice - Diabetes and Heart (PPO C-SNP),00025458,0.00,450.00, , ,GA,11340,1,N
H5216,246,000,HUMANA INSURANCE COMPANY,HumanaChoice - Diabetes and Heart (PPO C-SNP),00025458,0.00,450.00, , ,GA,11341,1,N
H5216,246,000,HUMANA INSURANCE COMPANY,HumanaChoice - Diabetes and Heart (PPO C-SNP),00025458,0.00,450.00, , ,GA,11350,1,N
H5216,246,000,HUMANA INSURANCE COMPANY,HumanaChoice - Diabetes and Heart (PPO C-SNP),00025458,0.00,450.00, , ,GA,11360,1,N
H5216,246,000,HUMANA INSURANCE COMPANY,HumanaChoice - Diabetes and Heart (PPO C-SNP),00025458,0.00,450.00, , ,GA,11370,1,N
H5216,246,000,HUMANA INSURANCE COMPANY,HumanaChoice - Diabetes and Heart (PPO C-SNP),00025458,0.00,450.00, , ,GA,11380,1,N
H5216,246,000,HUMANA INSURANCE COMPANY,HumanaChoice - Diabetes and Heart (PPO C-SNP),00025458,0.00,450.00, , ,GA,11381,1,N
H5216,246,000,HUMANA INSURANCE COMPANY,HumanaChoice - Diabetes and Heart (PPO C-SNP),00025458,0.00,450.00, , ,GA,11390,1,N
H5216,246,000,HUMANA INSURANCE COMPANY,HumanaChoice - Diabetes and Heart (PPO C-SNP),00025458,0.00,450.00, , ,GA,11400,1,N
H5216,246,000,HUMANA INSURANCE COMPANY,HumanaChoice - Diabetes and Heart (PPO C-SNP),00025458,0.00,450.00, , ,GA,11410,1,N
H5216,246,000,HUMANA INSURANCE COMPANY,HumanaChoice - Diabetes and Heart (PPO C-SNP),00025458,0.00,450.00, , ,GA,11420,1,N
H5216,246,000,HUMANA INSURANCE COMPANY,HumanaChoice - Diabetes and Heart (PPO C-SNP),00025458,0.00,450.00, , ,GA,11421,1,N
H5216,246,000,HUMANA INSURANCE COMPANY,HumanaChoice - Diabetes and Heart (PPO C-SNP),00025458,0.00,450.00, , ,GA,11430,1,N
H5216,246,000,HUMANA INSURANCE COMPANY,HumanaChoice - Diabetes and Heart (PPO C-SNP),00025458,0.00,450.00, , ,GA,11440,1,N
H5216,246,000,HUMANA INSURANCE COMPANY,HumanaChoice - Diabetes and Heart (PPO C-SNP),00025458,0.00,450.00, , ,GA,11441,1,N
H5216,246,000,HUMANA INSURANCE COMPANY,HumanaChoice - Diabetes and Heart (PPO C-SNP),00025458,0.00,450.00, , ,GA,11450,1,N
H5216,246,000,HUMANA INSURANCE COMPANY,HumanaChoice - Diabetes and Heart (PPO C-SNP),00025458,0.00,450.00, , ,GA,11451,1,N
H5216,246,000,HUMANA INSURANCE COMPANY,HumanaChoice - Diabetes and Heart (PPO C-SNP),00025458,0.00,450.00, , ,GA,11460,1,N
H5216,246,000,HUMANA INSURANCE COMPANY,HumanaChoice - Diabetes and Heart (PPO C-SNP),00025458,0.00,450.00, , ,GA,11461,1,N
H5216,246,000,HUMANA INSURANCE COMPANY,HumanaChoice - Diabetes and Heart (PPO C-SNP),00025458,0.00,450.00, , ,GA,11462,1,N
H5216,246,000,HUMANA INSURANCE COMPANY,HumanaChoice - Diabetes and Heart (PPO C-SNP),00025458,0.00,450.00, , ,GA,11470,1,N
H5216,246,000,HUMANA INSURANCE COMPANY,HumanaChoice - Diabetes and Heart (PPO C-SNP),00025458,0.00,450.00, , ,GA,11471,1,N
H5216,246,000,HUMANA INSURANCE COMPANY,HumanaChoice - Diabetes and Heart (PPO C-SNP),00025458,0.00,450.00, , ,GA,11480,1,N
H5216,246,000,HUMANA INSURANCE COMPANY,HumanaChoice - Diabetes and Heart (PPO C-SNP),00025458,0.00,450.00, , ,GA,11490,1,N
H5216,246,000,HUMANA INSURANCE COMPANY,HumanaChoice - Diabetes and Heart (PPO C-SNP),00025458,0.00,450.00, , ,GA,11500,1,N
H5216,246,000,HUMANA INSURANCE COMPANY,HumanaChoice - Diabetes and Heart (PPO C-SNP),00025458,0.00,450.00, , ,GA,11510,1,N
H5216,246,000,HUMANA INSURANCE COMPANY,HumanaChoice - Diabetes and Heart (PPO C-SNP),00025458,0.00,450.00, , ,GA,11520,1,N
H5216,246,000,HUMANA INSURANCE COMPANY,HumanaChoice - Diabetes and Heart (PPO C-SNP),00025458,0.00,450.00, , ,GA,11530,1,N
H5216,246,000,HUMANA INSURANCE COMPANY,HumanaChoice - Diabetes and Heart (PPO C-SNP),00025458,0.00,450.00, , ,GA,11540,1,N
H5216,246,000,HUMANA INSURANCE COMPANY,HumanaChoice - Diabetes and Heart (PPO C-SNP),00025458,0.00,450.00, , ,GA,11550,1,N
H5216,246,000,HUMANA INSURANCE COMPANY,HumanaChoice - Diabetes and Heart (PPO C-SNP),00025458,0.00,450.00, , ,GA,11560,1,N
H5216,246,000,HUMANA INSURANCE COMPANY,HumanaChoice - Diabetes and Heart (PPO C-SNP),00025458,0.00,450.00, , ,GA,11570,1,N
H5216,246,000,HUMANA INSURANCE COMPANY,HumanaChoice - Diabetes and Heart (PPO C-SNP),00025458,0.00,450.00, , ,GA,11580,1,N
H5216,246,000,HUMANA INSURANCE COMPANY,HumanaChoice - Diabetes and Heart (PPO C-SNP),00025458,0.00,450.00, , ,GA,11581,1,N
H5216,246,000,HUMANA INSURANCE COMPANY,HumanaChoice - Diabetes and Heart (PPO C-SNP),00025458,0.00,450.00, , ,GA,11590,1,N
H5216,246,000,HUMANA INSURANCE COMPANY,HumanaChoice - Diabetes and Heart (PPO C-SNP),00025458,0.00,450.00, , ,GA,11591,1,N
H5216,246,000,HUMANA INSURANCE COMPANY,HumanaChoice - Diabetes and Heart (PPO C-SNP),00025458,0.00,450.00, , ,GA,11600,1,N
H5216,246,000,HUMANA INSURANCE COMPANY,HumanaChoice - Diabetes and Heart (PPO C-SNP),00025458,0.00,450.00, , ,GA,11601,1,N
H5216,246,000,HUMANA INSURANCE COMPANY,HumanaChoice - Diabetes and Heart (PPO C-SNP),00025458,0.00,450.00, , ,GA,11610,1,N
H5216,246,000,HUMANA INSURANCE COMPANY,HumanaChoice - Diabetes and Heart (PPO C-SNP),00025458,0.00,450.00, , ,GA,11611,1,N
H5216,246,000,HUMANA INSURANCE COMPANY,HumanaChoice - Diabetes and Heart (PPO C-SNP),00025458,0.00,450.00, , ,GA,11612,1,N
H5216,246,000,HUMANA INSURANCE COMPANY,HumanaChoice - Diabetes and Heart (PPO C-SNP),00025458,0.00,450.00, , ,GA,11620,1,N
H5216,246,000,HUMANA INSURANCE COMPANY,HumanaChoice - Diabetes and Heart (PPO C-SNP),00025458,0.00,450.00, , ,GA,11630,1,N
H5216,246,000,HUMANA INSURANCE COMPANY,HumanaChoice - Diabetes and Heart (PPO C-SNP),00025458,0.00,450.00, , ,GA,11640,1,N
H5216,246,000,HUMANA INSURANCE COMPANY,HumanaChoice - Diabetes and Heart (PPO C-SNP),00025458,0.00,450.00, , ,GA,11650,1,N
H5216,246,000,HUMANA INSURANCE COMPANY,HumanaChoice - Diabetes and Heart (PPO C-SNP),00025458,0.00,450.00, , ,GA,11651,1,N
H5216,246,000,HUMANA INSURANCE COMPANY,HumanaChoice - Diabetes and Heart (PPO C-SNP),00025458,0.00,450.00, , ,GA,11652,1,N
H5216,246,000,HUMANA INSURANCE COMPANY,HumanaChoice - Diabetes and Heart (PPO C-SNP),00025458,0.00,450.00, , ,GA,11660,1,N
H5216,246,000,HUMANA INSURANCE COMPANY,HumanaChoice - Diabetes and Heart (PPO C-SNP),00025458,0.00,450.00, , ,GA,11670,1,N
H5216,246,000,HUMANA INSURANCE COMPANY,HumanaChoice - Diabetes and Heart (PPO C-SNP),00025458,0.00,450.00, , ,GA,11680,1,N
H5216,246,000,HUMANA INSURANCE COMPANY,HumanaChoice - Diabetes and Heart (PPO C-SNP),00025458,0.00,450.00, , ,GA,11690,1,N
H5216,246,000,HUMANA INSURANCE COMPANY,HumanaChoice - Diabetes and Heart (PPO C-SNP),00025458,0.00,450.00, , ,GA,11691,1,N
H5216,246,000,HUMANA INSURANCE COMPANY,HumanaChoice - Diabetes and Heart (PPO C-SNP),00025458,0.00,450.00, , ,GA,11700,1,N
H5216,246,000,HUMANA INSURANCE COMPANY,HumanaChoice - Diabetes and Heart (PPO C-SNP),00025458,0.00,450.00, , ,GA,11701,1,N
H5216,246,000,HUMANA INSURANCE COMPANY,HumanaChoice - Diabetes and Heart (PPO C-SNP),00025458,0.00,450.00, , ,GA,11702,1,N
H5216,246,000,HUMANA INSURANCE COMPANY,HumanaChoice - Diabetes and Heart (PPO C-SNP),00025458,0.00,450.00, , ,GA,11703,1,N
H5216,246,000,HUMANA INSURANCE COMPANY,HumanaChoice - Diabetes and Heart (PPO C-SNP),00025458,0.00,450.00, , ,GA,11710,1,N
H5216,246,000,HUMANA INSURANCE COMPANY,HumanaChoice - Diabetes and Heart (PPO C-SNP),00025458,0.00,450.00, , ,GA,11720,1,N
H5216,246,000,HUMANA INSURANCE COMPANY,HumanaChoice - Diabetes and Heart (PPO C-SNP),00025458,0.00,450.00, , ,GA,11730,1,N
H5216,246,000,HUMANA INSURANCE COMPANY,HumanaChoice - Diabetes and Heart (PPO C-SNP),00025458,0.00,450.00, , ,GA,11740,1,N
H5216,246,000,HUMANA INSURANCE COMPANY,HumanaChoice - Diabetes and Heart (PPO C-SNP),00025458,0.00,450.00, , ,GA,11741,1,N
H5216,246,000,HUMANA INSURANCE COMPANY,HumanaChoice - Diabetes and Heart (PPO C-SNP),00025458,0.00,450.00, , ,GA,11750,1,N
H5216,246,000,HUMANA INSURANCE COMPANY,HumanaChoice - Diabetes and Heart (PPO C-SNP),00025458,0.00,450.00, , ,GA,11760,1,N
H5216,246,000,HUMANA INSURANCE COMPANY,HumanaChoice - Diabetes and Heart (PPO C-SNP),00025458,0.00,450.00, , ,GA,11770,1,N
H5216,246,000,HUMANA INSURANCE COMPANY,HumanaChoice - Diabetes and Heart (PPO C-SNP),00025458,0.00,450.00, , ,GA,11771,1,N
H5216,246,000,HUMANA INSURANCE COMPANY,HumanaChoice - Diabetes and Heart (PPO C-SNP),00025458,0.00,450.00, , ,GA,11772,1,N
H5216,246,000,HUMANA INSURANCE COMPANY,HumanaChoice - Diabetes and Heart (PPO C-SNP),00025458,0.00,450.00, , ,GA,11780,1,N
H5216,246,000,HUMANA INSURANCE COMPANY,HumanaChoice - Diabetes and Heart (PPO C-SNP),00025458,0.00,450.00, , ,GA,11790,1,N
H5216,246,000,HUMANA INSURANCE COMPANY,HumanaChoice - Diabetes and Heart (PPO C-SNP),00025458,0.00,450.00, , ,GA,11800,1,N
H5216,246,000,HUMANA INSURANCE COMPANY,HumanaChoice - Diabetes and Heart (PPO C-SNP),00025458,0.00,450.00, , ,GA,11801,1,N
H5216,246,000,HUMANA INSURANCE COMPANY,HumanaChoice - Diabetes and Heart (PPO C-SNP),00025458,0.00,450.00, , ,GA,11810,1,N
H5216,246,000,HUMANA INSURANCE COMPANY,HumanaChoice - Diabetes and Heart (PPO C-SNP),00025458,0.00,450.00, , ,GA,11811,1,N
H5216,246,000,HUMANA INSURANCE COMPANY,HumanaChoice - Diabetes and Heart (PPO C-SNP),00025458,0.00,450.00, , ,GA,11812,1,N
H5216,246,000,HUMANA INSURANCE COMPANY,HumanaChoice - Diabetes and Heart (PPO C-SNP),00025458,0.00,450.00, , ,GA,11820,1,N
H5216,246,000,HUMANA INSURANCE COMPANY,HumanaChoice - Diabetes and Heart (PPO C-SNP),00025458,0.00,450.00, , ,GA,11821,1,N
H5216,246,000,HUMANA INSURANCE COMPANY,HumanaChoice - Diabetes and Heart (PPO C-SNP),00025458,0.00,450.00, , ,GA,11830,1,N
H5216,246,000,HUMANA INSURANCE COMPANY,HumanaChoice - Diabetes and Heart (PPO C-SNP),00025458,0.00,450.00, , ,GA,11831,1,N
H5216,246,000,HUMANA INSURANCE COMPANY,HumanaChoice - Diabetes and Heart (PPO C-SNP),00025458,0.00,450.00, , ,GA,11832,1,N
H5216,246,000,HUMANA INSURANCE COMPANY,HumanaChoice - Diabetes and Heart (PPO C-SNP),00025458,0.00,450.00, , ,GA,11833,1,N
H5216,246,000,HUMANA INSURANCE COMPANY,HumanaChoice - Diabetes and Heart (PPO C-SNP),00025458,0.00,450.00, , ,GA,11834,1,N
H5216,246,000,HUMANA INSURANCE COMPANY,HumanaChoice - Diabetes and Heart (PPO C-SNP),00025458,0.00,450.00, , ,GA,11835,1,N
H5216,246,000,HUMANA INSURANCE COMPANY,HumanaChoice - Diabetes and Heart (PPO C-SNP),00025458,0.00,450.00, , ,GA,11840,1,N
H5216,246,000,HUMANA INSURANCE COMPANY,HumanaChoice - Diabetes and Heart (PPO C-SNP),00025458,0.00,450.00, , ,GA,11841,1,N
H5216,246,000,HUMANA INSURANCE COMPANY,HumanaChoice - Diabetes and Heart (PPO C-SNP),00025458,0.00,450.00, , ,GA,11842,1,N
H5216,246,000,HUMANA INSURANCE COMPANY,HumanaChoice - Diabetes and Heart (PPO C-SNP),00025458,0.00,450.00, , ,GA,11850,1,N
H5216,246,000,HUMANA INSURANCE COMPANY,HumanaChoice - Diabetes and Heart (PPO C-SNP),00025458,0.00,450.00, , ,GA,11851,1,N
H5216,246,000,HUMANA INSURANCE COMPANY,HumanaChoice - Diabetes and Heart (PPO C-SNP),00025458,0.00,450.00, , ,GA,11860,1,N
H5216,246,000,HUMANA INSURANCE COMPANY,HumanaChoice - Diabetes and Heart (PPO C-SNP),00025458,0.00,450.00, , ,GA,11861,1,N
H5216,246,000,HUMANA INSURANCE COMPANY,HumanaChoice - Diabetes and Heart (PPO C-SNP),00025458,0.00,450.00, , ,GA,11862,1,N
H5216,246,000,HUMANA INSURANCE COMPANY,HumanaChoice - Diabetes and Heart (PPO C-SNP),00025458,0.00,450.00, , ,GA,11870,1,N
H5216,246,000,HUMANA INSURANCE COMPANY,HumanaChoice - Diabetes and Heart (PPO C-SNP),00025458,0.00,450.00, , ,GA,11880,1,N
H5216,246,000,HUMANA INSURANCE COMPANY,HumanaChoice - Diabetes and Heart (PPO C-SNP),00025458,0.00,450.00, , ,GA,11881,1,N
H5216,246,000,HUMANA INSURANCE COMPANY,HumanaChoice - Diabetes and Heart (PPO C-SNP),00025458,0.00,450.00, , ,GA,11882,1,N
H5216,246,000,HUMANA INSURANCE COMPANY,HumanaChoice - Diabetes and Heart (PPO C-SNP),00025458,0.00,450.00, , ,GA,11883,1,N
H5216,246,000,HUMANA INSURANCE COMPANY,HumanaChoice - Diabetes and Heart (PPO C-SNP),00025458,0.00,450.00, , ,GA,11884,1,N
H5216,246,000,HUMANA INSURANCE COMPANY,HumanaChoice - Diabetes and Heart (PPO C-SNP),00025458,0.00,450.00, , ,GA,11885,1,N
H5216,246,000,HUMANA INSURANCE COMPANY,HumanaChoice - Diabetes and Heart (PPO C-SNP),00025458,0.00,450.00, , ,GA,11890,1,N
H5216,246,000,HUMANA INSURANCE COMPANY,HumanaChoice - Diabetes and Heart (PPO C-SNP),00025458,0.00,450.00, , ,GA,11900,1,N
H5216,246,000,HUMANA INSURANCE COMPANY,HumanaChoice - Diabetes and Heart (PPO C-SNP),00025458,0.00,450.00, , ,GA,11901,1,N
H5216,246,000,HUMANA INSURANCE COMPANY,HumanaChoice - Diabetes and Heart (PPO C-SNP),00025458,0.00,450.00, , ,GA,11902,1,N
H5216,246,000,HUMANA INSURANCE COMPANY,HumanaChoice - Diabetes and Heart (PPO C-SNP),00025458,0.00,450.00, , ,GA,11903,1,N
H5216,246,000,HUMANA INSURANCE COMPANY,HumanaChoice - Diabetes and Heart (PPO C-SNP),00025458,0.00,450.00, , ,GA,11910,1,N
H5216,246,000,HUMANA INSURANCE COMPANY,HumanaChoice - Diabetes and Heart (PPO C-SNP),00025458,0.00,450.00, , ,GA,11911,1,N
H5216,246,000,HUMANA INSURANCE COMPANY,HumanaChoice - Diabetes and Heart (PPO C-SNP),00025458,0.00,450.00, , ,GA,11912,1,N
H5216,246,000,HUMANA INSURANCE COMPANY,HumanaChoice - Diabetes and Heart (PPO C-SNP),00025458,0.00,450.00, , ,GA,11913,1,N
H5216,246,000,HUMANA INSURANCE COMPANY,HumanaChoice - Diabetes and Heart (PPO C-SNP),00025458,0.00,450.00, , ,GA,11920,1,N
H5216,246,000,HUMANA INSURANCE COMPANY,HumanaChoice - Diabetes and Heart (PPO C-SNP),00025458,0.00,450.00, , ,GA,11921,1,N
H5216,246,000,HUMANA INSURANCE COMPANY,HumanaChoice - Diabetes and Heart (PPO C-SNP),00025458,0.00,450.00, , ,GA,11930,1,N
H5216,246,000,HUMANA INSURANCE COMPANY,HumanaChoice - Diabetes and Heart (PPO C-SNP),00025458,0.00,450.00, , ,GA,11940,1,N
H5216,246,000,HUMANA INSURANCE COMPANY,HumanaChoice - Diabetes and Heart (PPO C-SNP),00025458,0.00,450.00, , ,GA,11941,1,N
H5216,246,000,HUMANA INSURANCE COMPANY,HumanaChoice - Diabetes and Heart (PPO C-SNP),00025458,0.00,450.00, , ,GA,11950,1,N
H5216,246,000,HUMANA INSURANCE COMPANY,HumanaChoice - Diabetes and Heart (PPO C-SNP),00025458,0.00,450.00, , ,GA,11960,1,N
H5216,246,000,HUMANA INSURANCE COMPANY,HumanaChoice - Diabetes and Heart (PPO C-SNP),00025458,0.00,450.00, , ,GA,11961,1,N
H5216,246,000,HUMANA INSURANCE COMPANY,HumanaChoice - Diabetes and Heart (PPO C-SNP),00025458,0.00,450.00, , ,GA,11962,1,N
H5216,246,000,HUMANA INSURANCE COMPANY,HumanaChoice - Diabetes and Heart (PPO C-SNP),00025458,0.00,450.00, , ,GA,11963,1,N
H5216,246,000,HUMANA INSURANCE COMPANY,HumanaChoice - Diabetes and Heart (PPO C-SNP),00025458,0.00,450.00, , ,GA,11970,1,N
H5216,246,000,HUMANA INSURANCE COMPANY,HumanaChoice - Diabetes and Heart (PPO C-SNP),00025458,0.00,450.00, , ,GA,11971,1,N
H5216,246,000,HUMANA INSURANCE COMPANY,HumanaChoice - Diabetes and Heart (PPO C-SNP),00025458,0.00,450.00, , ,GA,11972,1,N
H5216,246,000,HUMANA INSURANCE COMPANY,HumanaChoice - Diabetes and Heart (PPO C-SNP),00025458,0.00,450.00, , ,GA,11973,1,N
H5216,246,000,HUMANA INSURANCE COMPANY,HumanaChoice - Diabetes and Heart (PPO C-SNP),00025458,0.00,450.00, , ,GA,11980,1,N
H5216,421,000,HUMANA INSURANCE COMPANY,HumanaChoice H5216-421 (PPO),00025456,0.00,450.00, , ,GA,11000,0,N
H5216,421,000,HUMANA INSURANCE COMPANY,HumanaChoice H5216-421 (PPO),00025456,0.00,450.00, , ,GA,11010,0,N
H5216,421,000,HUMANA INSURANCE COMPANY,HumanaChoice H5216-421 (PPO),00025456,0.00,450.00, , ,GA,11011,0,N
H5216,421,000,HUMANA INSURANCE COMPANY,HumanaChoice H5216-421 (PPO),00025456,0.00,450.00, , ,GA,11020,0,N
H5216,421,000,HUMANA INSURANCE COMPANY,HumanaChoice H5216-421 (PPO),00025456,0.00,450.00, , ,GA,11030,0,N
H5216,421,000,HUMANA INSURANCE COMPANY,HumanaChoice H5216-421 (PPO),00025456,0.00,450.00, , ,GA,11040,0,N
H5216,421,000,HUMANA INSURANCE COMPANY,HumanaChoice H5216-421 (PPO),00025456,0.00,450.00, , ,GA,11050,0,N
H5216,421,000,HUMANA INSURANCE COMPANY,HumanaChoice H5216-421 (PPO),00025456,0.00,450.00, , ,GA,11060,0,N
H5216,421,000,HUMANA INSURANCE COMPANY,HumanaChoice H5216-421 (PPO),00025456,0.00,450.00, , ,GA,11070,0,N
H5216,421,000,HUMANA INSURANCE COMPANY,HumanaChoice H5216-421 (PPO),00025456,0.00,450.00, , ,GA,11080,0,N
H5216,421,000,HUMANA INSURANCE COMPANY,HumanaChoice H5216-421 (PPO),00025456,0.00,450.00, , ,GA,11090,0,N
H5216,421,000,HUMANA INSURANCE COMPANY,HumanaChoice H5216-421 (PPO),00025456,0.00,450.00, , ,GA,11100,0,N
H5216,421,000,HUMANA INSURANCE COMPANY,HumanaChoice H5216-421 (PPO),00025456,0.00,450.00, , ,GA,11110,0,N
H5216,421,000,HUMANA INSURANCE COMPANY,HumanaChoice H5216-421 (PPO),00025456,0.00,450.00, , ,GA,11120,0,N
H5216,421,000,HUMANA INSURANCE COMPANY,HumanaChoice H5216-421 (PPO),00025456,0.00,450.00, , ,GA,11130,0,N
H5216,421,000,HUMANA INSURANCE COMPANY,HumanaChoice H5216-421 (PPO),00025456,0.00,450.00, , ,GA,11140,0,N
H5216,421,000,HUMANA INSURANCE COMPANY,HumanaChoice H5216-421 (PPO),00025456,0.00,450.00, , ,GA,11150,0,N
H5216,421,000,HUMANA INSURANCE COMPANY,HumanaChoice H5216-421 (PPO),00025456,0.00,450.00, , ,GA,11160,0,N
H5216,421,000,HUMANA INSURANCE COMPANY,HumanaChoice H5216-421 (PPO),00025456,0.00,450.00, , ,GA,11161,0,N
H5216,421,000,HUMANA INSURANCE COMPANY,HumanaChoice H5216-421 (PPO),00025456,0.00,450.00, , ,GA,11170,0,N
H5216,421,000,HUMANA INSURANCE COMPANY,HumanaChoice H5216-421 (PPO),00025456,0.00,450.00, , ,GA,11180,0,N
H5216,421,000,HUMANA INSURANCE COMPANY,HumanaChoice H5216-421 (PPO),00025456,0.00,450.00, , ,GA,11190,0,N
H5216,421,000,HUMANA INSURANCE COMPANY,HumanaChoice H5216-421 (PPO),00025456,0.00,450.00, , ,GA,11200,0,N
H5216,421,000,HUMANA INSURANCE COMPANY,HumanaChoice H5216-421 (PPO),00025456,0.00,450.00, , ,GA,11210,0,N
H5216,421,000,HUMANA INSURANCE COMPANY,HumanaChoice H5216-421 (PPO),00025456,0.00,450.00, , ,GA,11220,0,N
H5216,421,000,HUMANA INSURANCE COMPANY,HumanaChoice H5216-421 (PPO),00025456,0.00,450.00, , ,GA,11230,0,N
H5216,421,000,HUMANA INSURANCE COMPANY,HumanaChoice H5216-421 (PPO),00025456,0.00,450.00, , ,GA,11240,0,N
H5216,421,000,HUMANA INSURANCE COMPANY,HumanaChoice H5216-421 (PPO),00025456,0.00,450.00, , ,GA,11250,0,N
H5216,421,000,HUMANA INSURANCE COMPANY,HumanaChoice H5216-421 (PPO),00025456,0.00,450.00, , ,GA,11260,0,N
H5216,421,000,HUMANA INSURANCE COMPANY,HumanaChoice H5216-421 (PPO),00025456,0.00,450.00, , ,GA,11270,0,N
H5216,421,000,HUMANA INSURANCE COMPANY,HumanaChoice H5216-421 (PPO),00025456,0.00,450.00, , ,GA,11280,0,N
H5216,421,000,HUMANA INSURANCE COMPANY,HumanaChoice H5216-421 (PPO),00025456,0.00,450.00, , ,GA,11281,0,N
H5216,421,000,HUMANA INSURANCE COMPANY,HumanaChoice H5216-421 (PPO),00025456,0.00,450.00, , ,GA,11290,0,N
H5216,421,000,HUMANA INSURANCE COMPANY,HumanaChoice H5216-421 (PPO),00025456,0.00,450.00, , ,GA,11291,0,N
H5216,421,000,HUMANA INSURANCE COMPANY,HumanaChoice H5216-421 (PPO),00025456,0.00,450.00, , ,GA,11300,0,N
H5216,421,000,HUMANA INSURANCE COMPANY,HumanaChoice H5216-421 (PPO),00025456,0.00,450.00, , ,GA,11310,0,N
H5216,421,000,HUMANA INSURANCE COMPANY,HumanaChoice H5216-421 (PPO),00025456,0.00,450.00, , ,GA,11311,0,N
H5216,421,000,HUMANA INSURANCE COMPANY,HumanaChoice H5216-421 (PPO),00025456,0.00,450.00, , ,GA,11320,0,N
H5216,421,000,HUMANA INSURANCE COMPANY,HumanaChoice H5216-421 (PPO),00025456,0.00,450.00, , ,GA,11330,0,N
H5216,421,000,HUMANA INSURANCE COMPANY,HumanaChoice H5216-421 (PPO),00025456,0.00,450.00, , ,GA,11340,0,N
H5216,421,000,HUMANA INSURANCE COMPANY,HumanaChoice H5216-421 (PPO),00025456,0.00,450.00, , ,GA,11341,0,N
H5216,421,000,HUMANA INSURANCE COMPANY,HumanaChoice H5216-421 (PPO),00025456,0.00,450.00, , ,GA,11350,0,N
H5216,421,000,HUMANA INSURANCE COMPANY,HumanaChoice H5216-421 (PPO),00025456,0.00,450.00, , ,GA,11360,0,N
H5216,421,000,HUMANA INSURANCE COMPANY,HumanaChoice H5216-421 (PPO),00025456,0.00,450.00, , ,GA,11370,0,N
H5216,421,000,HUMANA INSURANCE COMPANY,HumanaChoice H5216-421 (PPO),00025456,0.00,450.00, , ,GA,11380,0,N
H5216,421,000,HUMANA INSURANCE COMPANY,HumanaChoice H5216-421 (PPO),00025456,0.00,450.00, , ,GA,11381,0,N
H5216,421,000,HUMANA INSURANCE COMPANY,HumanaChoice H5216-421 (PPO),00025456,0.00,450.00, , ,GA,11390,0,N
H5216,421,000,HUMANA INSURANCE COMPANY,HumanaChoice H5216-421 (PPO),00025456,0.00,450.00, , ,GA,11400,0,N
H5216,421,000,HUMANA INSURANCE COMPANY,HumanaChoice H5216-421 (PPO),00025456,0.00,450.00, , ,GA,11410,0,N
H5216,421,000,HUMANA INSURANCE COMPANY,HumanaChoice H5216-421 (PPO),00025456,0.00,450.00, , ,GA,11420,0,N
H5216,421,000,HUMANA INSURANCE COMPANY,HumanaChoice H5216-421 (PPO),00025456,0.00,450.00, , ,GA,11421,0,N
H5216,421,000,HUMANA INSURANCE COMPANY,HumanaChoice H5216-421 (PPO),00025456,0.00,450.00, , ,GA,11430,0,N
H5216,421,000,HUMANA INSURANCE COMPANY,HumanaChoice H5216-421 (PPO),00025456,0.00,450.00, , ,GA,11440,0,N
H5216,421,000,HUMANA INSURANCE COMPANY,HumanaChoice H5216-421 (PPO),00025456,0.00,450.00, , ,GA,11441,0,N
H5216,421,000,HUMANA INSURANCE COMPANY,HumanaChoice H5216-421 (PPO),00025456,0.00,450.00, , ,GA,11450,0,N
H5216,421,000,HUMANA INSURANCE COMPANY,HumanaChoice H5216-421 (PPO),00025456,0.00,450.00, , ,GA,11451,0,N
H5216,421,000,HUMANA INSURANCE COMPANY,HumanaChoice H5216-421 (PPO),00025456,0.00,450.00, , ,GA,11460,0,N
H5216,421,000,HUMANA INSURANCE COMPANY,HumanaChoice H5216-421 (PPO),00025456,0.00,450.00, , ,GA,11461,0,N
H5216,421,000,HUMANA INSURANCE COMPANY,HumanaChoice H5216-421 (PPO),00025456,0.00,450.00, , ,GA,11462,0,N
H5216,421,000,HUMANA INSURANCE COMPANY,HumanaChoice H5216-421 (PPO),00025456,0.00,450.00, , ,GA,11470,0,N
H5216,421,000,HUMANA INSURANCE COMPANY,HumanaChoice H5216-421 (PPO),00025456,0.00,450.00, , ,GA,11471,0,N
H5216,421,000,HUMANA INSURANCE COMPANY,HumanaChoice H5216-421 (PPO),00025456,0.00,450.00, , ,GA,11480,0,N
H5216,421,000,HUMANA INSURANCE COMPANY,HumanaChoice H5216-421 (PPO),00025456,0.00,450.00, , ,GA,11490,0,N
H5216,421,000,HUMANA INSURANCE COMPANY,HumanaChoice H5216-421 (PPO),00025456,0.00,450.00, , ,GA,11500,0,N
H5216,421,000,HUMANA INSURANCE COMPANY,HumanaChoice H5216-421 (PPO),00025456,0.00,450.00, , ,GA,11510,0,N
H5216,421,000,HUMANA INSURANCE COMPANY,HumanaChoice H5216-421 (PPO),00025456,0.00,450.00, , ,GA,11520,0,N
H5216,421,000,HUMANA INSURANCE COMPANY,HumanaChoice H5216-421 (PPO),00025456,0.00,450.00, , ,GA,11530,0,N
H5216,421,000,HUMANA INSURANCE COMPANY,HumanaChoice H5216-421 (PPO),00025456,0.00,450.00, , ,GA,11540,0,N
H5216,421,000,HUMANA INSURANCE COMPANY,HumanaChoice H5216-421 (PPO),00025456,0.00,450.00, , ,GA,11550,0,N
H5216,421,000,HUMANA INSURANCE COMPANY,HumanaChoice H5216-421 (PPO),00025456,0.00,450.00, , ,GA,11560,0,N
H5216,421,000,HUMANA INSURANCE COMPANY,HumanaChoice H5216-421 (PPO),00025456,0.00,450.00, , ,GA,11570,0,N
H5216,421,000,HUMANA INSURANCE COMPANY,HumanaChoice H5216-421 (PPO),00025456,0.00,450.00, , ,GA,11580,0,N
H5216,421,000,HUMANA INSURANCE COMPANY,HumanaChoice H5216-421 (PPO),00025456,0.00,450.00, , ,GA,11581,0,N
H5216,421,000,HUMANA INSURANCE COMPANY,HumanaChoice H5216-421 (PPO),00025456,0.00,450.00, , ,GA,11590,0,N
H5216,421,000,HUMANA INSURANCE COMPANY,HumanaChoice H5216-421 (PPO),00025456,0.00,450.00, , ,GA,11591,0,N
H5216,421,000,HUMANA INSURANCE COMPANY,HumanaChoice H5216-421 (PPO),00025456,0.00,450.00, , ,GA,11600,0,N
H5216,421,000,HUMANA INSURANCE COMPANY,HumanaChoice H5216-421 (PPO),00025456,0.00,450.00, , ,GA,11601,0,N
H5216,421,000,HUMANA INSURANCE COMPANY,HumanaChoice H5216-421 (PPO),00025456,0.00,450.00, , ,GA,11610,0,N
H5216,421,000,HUMANA INSURANCE COMPANY,HumanaChoice H5216-421 (PPO),00025456,0.00,450.00, , ,GA,11611,0,N
H5216,421,000,HUMANA INSURANCE COMPANY,HumanaChoice H5216-421 (PPO),00025456,0.00,450.00, , ,GA,11612,0,N
H5216,421,000,HUMANA INSURANCE COMPANY,HumanaChoice H5216-421 (PPO),00025456,0.00,450.00, , ,GA,11620,0,N
H5216,421,000,HUMANA INSURANCE COMPANY,HumanaChoice H5216-421 (PPO),00025456,0.00,450.00, , ,GA,11630,0,N
H5216,421,000,HUMANA INSURANCE COMPANY,HumanaChoice H5216-421 (PPO),00025456,0.00,450.00, , ,GA,11640,0,N
H5216,421,000,HUMANA INSURANCE COMPANY,HumanaChoice H5216-421 (PPO),00025456,0.00,450.00, , ,GA,11650,0,N
H5216,421,000,HUMANA INSURANCE COMPANY,HumanaChoice H5216-421 (PPO),00025456,0.00,450.00, , ,GA,11651,0,N
H5216,421,000,HUMANA INSURANCE COMPANY,HumanaChoice H5216-421 (PPO),00025456,0.00,450.00, , ,GA,11652,0,N
H5216,421,000,HUMANA INSURANCE COMPANY,HumanaChoice H5216-421 (PPO),00025456,0.00,450.00, , ,GA,11660,0,N
H5216,421,000,HUMANA INSURANCE COMPANY,HumanaChoice H5216-421 (PPO),00025456,0.00,450.00, , ,GA,11670,0,N
H5216,421,000,HUMANA INSURANCE COMPANY,HumanaChoice H5216-421 (PPO),00025456,0.00,450.00, , ,GA,11680,0,N
H5216,421,000,HUMANA INSURANCE COMPANY,HumanaChoice H5216-421 (PPO),00025456,0.00,450.00, , ,GA,11690,0,N
H5216,421,000,HUMANA INSURANCE COMPANY,HumanaChoice H5216-421 (PPO),00025456,0.00,450.00, , ,GA,11691,0,N
H5216,421,000,HUMANA INSURANCE COMPANY,HumanaChoice H5216-421 (PPO),00025456,0.00,450.00, , ,GA,11700,0,N
H5216,421,000,HUMANA INSURANCE COMPANY,HumanaChoice H5216-421 (PPO),00025456,0.00,450.00, , ,GA,11701,0,N
H5216,421,000,HUMANA INSURANCE COMPANY,HumanaChoice H5216-421 (PPO),00025456,0.00,450.00, , ,GA,11702,0,N
H5216,421,000,HUMANA INSURANCE COMPANY,HumanaChoice H5216-421 (PPO),00025456,0.00,450.00, , ,GA,11703,0,N
H5216,421,000,HUMANA INSURANCE COMPANY,HumanaChoice H5216-421 (PPO),00025456,0.00,450.00, , ,GA,11710,0,N
H5216,421,000,HUMANA INSURANCE COMPANY,HumanaChoice H5216-421 (PPO),00025456,0.00,450.00, , ,GA,11720,0,N
H5216,421,000,HUMANA INSURANCE COMPANY,HumanaChoice H5216-421 (PPO),00025456,0.00,450.00, , ,GA,11730,0,N
H5216,421,000,HUMANA INSURANCE COMPANY,HumanaChoice H5216-421 (PPO),00025456,0.00,450.00, , ,GA,11740,0,N
H5216,421,000,HUMANA INSURANCE COMPANY,HumanaChoice H5216-421 (PPO),00025456,0.00,450.00, , ,GA,11741,0,N
H5216,421,000,HUMANA INSURANCE COMPANY,HumanaChoice H5216-421 (PPO),00025456,0.00,450.00, , ,GA,11750,0,N
H5216,421,000,HUMANA INSURANCE COMPANY,HumanaChoice H5216-421 (PPO),00025456,0.00,450.00, , ,GA,11760,0,N
H5216,421,000,HUMANA INSURANCE COMPANY,HumanaChoice H5216-421 (PPO),00025456,0.00,450.00, , ,GA,11770,0,N
H5216,421,000,HUMANA INSURANCE COMPANY,HumanaChoice H5216-421 (PPO),00025456,0.00,450.00, , ,GA,11771,0,N
H5216,421,000,HUMANA INSURANCE COMPANY,HumanaChoice H5216-421 (PPO),00025456,0.00,450.00, , ,GA,11772,0,N
H5216,421,000,HUMANA INSURANCE COMPANY,HumanaChoice H5216-421 (PPO),00025456,0.00,450.00, , ,GA,11780,0,N
H5216,421,000,HUMANA INSURANCE COMPANY,HumanaChoice H5216-421 (PPO),00025456,0.00,450.00, , ,GA,11790,0,N
H5216,421,000,HUMANA INSURANCE COMPANY,HumanaChoice H5216-421 (PPO),00025456,0.00,450.00, , ,GA,11800,0,N
H5216,421,000,HUMANA INSURANCE COMPANY,HumanaChoice H5216-421 (PPO),00025456,0.00,450.00, , ,GA,11801,0,N
H5216,421,000,HUMANA INSURANCE COMPANY,HumanaChoice H5216-421 (PPO),00025456,0.00,450.00, , ,GA,11810,0,N
H5216,421,000,HUMANA INSURANCE COMPANY,HumanaChoice H5216-421 (PPO),00025456,0.00,450.00, , ,GA,11811,0,N
H5216,421,000,HUMANA INSURANCE COMPANY,HumanaChoice H5216-421 (PPO),00025456,0.00,450.00, , ,GA,11812,0,N
H5216,421,000,HUMANA INSURANCE COMPANY,HumanaChoice H5216-421 (PPO),00025456,0.00,450.00, , ,GA,11820,0,N
H5216,421,000,HUMANA INSURANCE COMPANY,HumanaChoice H5216-421 (PPO),00025456,0.00,450.00, , ,GA,11821,0,N
H5216,421,000,HUMANA INSURANCE COMPANY,HumanaChoice H5216-421 (PPO),00025456,0.00,450.00, , ,GA,11830,0,N
H5216,421,000,HUMANA INSURANCE COMPANY,HumanaChoice H5216-421 (PPO),00025456,0.00,450.00, , ,GA,11831,0,N
H5216,421,000,HUMANA INSURANCE COMPANY,HumanaChoice H5216-421 (PPO),00025456,0.00,450.00, , ,GA,11832,0,N
H5216,421,000,HUMANA INSURANCE COMPANY,HumanaChoice H5216-421 (PPO),00025456,0.00,450.00, , ,GA,11833,0,N
H5216,421,000,HUMANA INSURANCE COMPANY,HumanaChoice H5216-421 (PPO),00025456,0.00,450.00, , ,GA,11834,0,N
H5216,421,000,HUMANA INSURANCE COMPANY,HumanaChoice H5216-421 (PPO),00025456,0.00,450.00, , ,GA,11835,0,N
H5216,421,000,HUMANA INSURANCE COMPANY,HumanaChoice H5216-421 (PPO),00025456,0.00,450.00, , ,GA,11840,0,N
H5216,421,000,HUMANA INSURANCE COMPANY,HumanaChoice H5216-421 (PPO),00025456,0.00,450.00, , ,GA,11841,0,N
H5216,421,000,HUMANA INSURANCE COMPANY,HumanaChoice H5216-421 (PPO),00025456,0.00,450.00, , ,GA,11842,0,N
H5216,421,000,HUMANA INSURANCE COMPANY,HumanaChoice H5216-421 (PPO),00025456,0.00,450.00, , ,GA,11850,0,N
H5216,421,000,HUMANA INSURANCE COMPANY,HumanaChoice H5216-421 (PPO),00025456,0.00,450.00, , ,GA,11851,0,N
H5216,421,000,HUMANA INSURANCE COMPANY,HumanaChoice H5216-421 (PPO),00025456,0.00,450.00, , ,GA,11860,0,N
H5216,421,000,HUMANA INSURANCE COMPANY,HumanaChoice H5216-421 (PPO),00025456,0.00,450.00, , ,GA,11861,0,N
H5216,421,000,HUMANA INSURANCE COMPANY,HumanaChoice H5216-421 (PPO),00025456,0.00,450.00, , ,GA,11862,0,N
H5216,421,000,HUMANA INSURANCE COMPANY,HumanaChoice H5216-421 (PPO),00025456,0.00,450.00, , ,GA,11870,0,N
H5216,421,000,HUMANA INSURANCE COMPANY,HumanaChoice H5216-421 (PPO),00025456,0.00,450.00, , ,GA,11880,0,N
H5216,421,000,HUMANA INSURANCE COMPANY,HumanaChoice H5216-421 (PPO),00025456,0.00,450.00, , ,GA,11881,0,N
H5216,421,000,HUMANA INSURANCE COMPANY,HumanaChoice H5216-421 (PPO),00025456,0.00,450.00, , ,GA,11882,0,N
H5216,421,000,HUMANA INSURANCE COMPANY,HumanaChoice H5216-421 (PPO),00025456,0.00,450.00, , ,GA,11883,0,N
H5216,421,000,HUMANA INSURANCE COMPANY,HumanaChoice H5216-421 (PPO),00025456,0.00,450.00, , ,GA,11884,0,N
H5216,421,000,HUMANA INSURANCE COMPANY,HumanaChoice H5216-421 (PPO),00025456,0.00,450.00, , ,GA,11885,0,N
H5216,421,000,HUMANA INSURANCE COMPANY,HumanaChoice H5216-421 (PPO),00025456,0.00,450.00, , ,GA,11890,0,N
H5216,421,000,HUMANA INSURANCE COMPANY,HumanaChoice H5216-421 (PPO),00025456,0.00,450.00, , ,GA,11900,0,N
H5216,421,000,HUMANA INSURANCE COMPANY,HumanaChoice H5216-421 (PPO),00025456,0.00,450.00, , ,GA,11901,0,N
H5216,421,000,HUMANA INSURANCE COMPANY,HumanaChoice H5216-421 (PPO),00025456,0.00,450.00, , ,GA,11902,0,N
H5216,421,000,HUMANA INSURANCE COMPANY,HumanaChoice H5216-421 (PPO),00025456,0.00,450.00, , ,GA,11903,0,N
H5216,421,000,HUMANA INSURANCE COMPANY,HumanaChoice H5216-421 (PPO),00025456,0.00,450.00, , ,GA,11910,0,N
H5216,421,000,HUMANA INSURANCE COMPANY,HumanaChoice H5216-421 (PPO),00025456,0.00,450.00, , ,GA,11911,0,N
H5216,421,000,HUMANA INSURANCE COMPANY,HumanaChoice H5216-421 (PPO),00025456,0.00,450.00, , ,GA,11912,0,N
H5216,421,000,HUMANA INSURANCE COMPANY,HumanaChoice H5216-421 (PPO),00025456,0.00,450.00, , ,GA,11913,0,N
H5216,421,000,HUMANA INSURANCE COMPANY,HumanaChoice H5216-421 (PPO),00025456,0.00,450.00, , ,GA,11920,0,N
H5216,421,000,HUMANA INSURANCE COMPANY,HumanaChoice H5216-421 (PPO),00025456,0.00,450.00, , ,GA,11921,0,N
H5216,421,000,HUMANA INSURANCE COMPANY,HumanaChoice H5216-421 (PPO),00025456,0.00,450.00, , ,GA,11930,0,N
H5216,421,000,HUMANA INSURANCE COMPANY,HumanaChoice H5216-421 (PPO),00025456,0.00,450.00, , ,GA,11940,0,N
H5216,421,000,HUMANA INSURANCE COMPANY,HumanaChoice H5216-421 (PPO),00025456,0.00,450.00, , ,GA,11941,0,N
H5216,421,000,HUMANA INSURANCE COMPANY,HumanaChoice H5216-421 (PPO),00025456,0.00,450.00, , ,GA,11950,0,N
H5216,421,000,HUMANA INSURANCE COMPANY,HumanaChoice H5216-421 (PPO),00025456,0.00,450.00, , ,GA,11960,0,N
H5216,421,000,HUMANA INSURANCE COMPANY,HumanaChoice H5216-421 (PPO),00025456,0.00,450.00, , ,GA,11961,0,N
H5216,421,000,HUMANA INSURANCE COMPANY,HumanaChoice H5216-421 (PPO),00025456,0.00,450.00, , ,GA,11962,0,N
H5216,421,000,HUMANA INSURANCE COMPANY,HumanaChoice H5216-421 (PPO),00025456,0.00,450.00, , ,GA,11963,0,N
H5216,421,000,HUMANA INSURANCE COMPANY,HumanaChoice H5216-421 (PPO),00025456,0.00,450.00, , ,GA,11970,0,N
H5216,421,000,HUMANA INSURANCE COMPANY,HumanaChoice H5216-421 (PPO),00025456,0.00,450.00, , ,GA,11971,0,N
H5216,421,000,HUMANA INSURANCE COMPANY,HumanaChoice H5216-421 (PPO),00025456,0.00,450.00, , ,GA,11972,0,N
H5216,421,000,HUMANA INSURANCE COMPANY,HumanaChoice H5216-421 (PPO),00025456,0.00,450.00, , ,GA,11973,0,N
H5216,421,000,HUMANA INSURANCE COMPANY,HumanaChoice H5216-421 (PPO),00025456,0.00,450.00, , ,GA,11980,0,N
H5322,030,000,CARE IMPROVEMENT PLUS SOUTH CENTRAL INSURANCE CO.,UHC Dual Complete GA-D002 (HMO-POS D-SNP),00025002,25.50,590.00, , ,GA,11000,2,N
H5322,030,000,CARE IMPROVEMENT PLUS SOUTH CENTRAL INSURANCE CO.,UHC Dual Complete GA-D002 (HMO-POS D-SNP),00025002,25.50,590.00, , ,GA,11010,2,N
H5322,030,000,CARE IMPROVEMENT PLUS SOUTH CENTRAL INSURANCE CO.,UHC Dual Complete GA-D002 (HMO-POS D-SNP),00025002,25.50,590.00, , ,GA,11011,2,N
H5322,030,000,CARE IMPROVEMENT PLUS SOUTH CENTRAL INSURANCE CO.,UHC Dual Complete GA-D002 (HMO-POS D-SNP),00025002,25.50,590.00, , ,GA,11020,2,N
H5322,030,000,CARE IMPROVEMENT PLUS SOUTH CENTRAL INSURANCE CO.,UHC Dual Complete GA-D002 (HMO-POS D-SNP),00025002,25.50,590.00, , ,GA,11030,2,N
H5322,030,000,CARE IMPROVEMENT PLUS SOUTH CENTRAL INSURANCE CO.,UHC Dual Complete GA-D002 (HMO-POS D-SNP),00025002,25.50,590.00, , ,GA,11040,2,N
H5322,030,000,CARE IMPROVEMENT PLUS SOUTH CENTRAL INSURANCE CO.,UHC Dual Complete GA-D002 (HMO-POS D-SNP),00025002,25.50,590.00, , ,GA,11050,2,N
H5322,030,000,CARE IMPROVEMENT PLUS SOUTH CENTRAL INSURANCE CO.,UHC Dual Complete GA-D002 (HMO-POS D-SNP),00025002,25.50,590.00, , ,GA,11060,2,N
H5322,030,000,CARE IMPROVEMENT PLUS SOUTH CENTRAL INSURANCE CO.,UHC Dual Complete GA-D002 (HMO-POS D-SNP),00025002,25.50,590.00, , ,GA,11070,2,N
H5322,030,000,CARE IMPROVEMENT PLUS SOUTH CENTRAL INSURANCE CO.,UHC Dual Complete GA-D002 (HMO-POS D-SNP),00025002,25.50,590.00, , ,GA,11080,2,N
H5322,030,000,CARE IMPROVEMENT PLUS SOUTH CENTRAL INSURANCE CO.,UHC Dual Complete GA-D002 (HMO-POS D-SNP),00025002,25.50,590.00, , ,GA,11090,2,N
H5322,030,000,CARE IMPROVEMENT PLUS SOUTH CENTRAL INSURANCE CO.,UHC Dual Complete GA-D002 (HMO-POS D-SNP),00025002,25.50,590.00, , ,GA,11100,2,N
H5322,030,000,CARE IMPROVEMENT PLUS SOUTH CENTRAL INSURANCE CO.,UHC Dual Complete GA-D002 (HMO-POS D-SNP),00025002,25.50,590.00, , ,GA,11110,2,N
H5322,030,000,CARE IMPROVEMENT PLUS SOUTH CENTRAL INSURANCE CO.,UHC Dual Complete GA-D002 (HMO-POS D-SNP),00025002,25.50,590.00, , ,GA,11120,2,N
H5322,030,000,CARE IMPROVEMENT PLUS SOUTH CENTRAL INSURANCE CO.,UHC Dual Complete GA-D002 (HMO-POS D-SNP),00025002,25.50,590.00, , ,GA,11130,2,N
H5322,030,000,CARE IMPROVEMENT PLUS SOUTH CENTRAL INSURANCE CO.,UHC Dual Complete GA-D002 (HMO-POS D-SNP),00025002,25.50,590.00, , ,GA,11140,2,N
H5322,030,000,CARE IMPROVEMENT PLUS SOUTH CENTRAL INSURANCE CO.,UHC Dual Complete GA-D002 (HMO-POS D-SNP),00025002,25.50,590.00, , ,GA,11150,2,N
H5322,030,000,CARE IMPROVEMENT PLUS SOUTH CENTRAL INSURANCE CO.,UHC Dual Complete GA-D002 (HMO-POS D-SNP),00025002,25.50,590.00, , ,GA,11160,2,N
H5322,030,000,CARE IMPROVEMENT PLUS SOUTH CENTRAL INSURANCE CO.,UHC Dual Complete GA-D002 (HMO-POS D-SNP),00025002,25.50,590.00, , ,GA,11161,2,N
H5322,030,000,CARE IMPROVEMENT PLUS SOUTH CENTRAL INSURANCE CO.,UHC Dual Complete GA-D002 (HMO-POS D-SNP),00025002,25.50,590.00, , ,GA,11170,2,N
H5322,030,000,CARE IMPROVEMENT PLUS SOUTH CENTRAL INSURANCE CO.,UHC Dual Complete GA-D002 (HMO-POS D-SNP),00025002,25.50,590.00, , ,GA,11180,2,N
H5322,030,000,CARE IMPROVEMENT PLUS SOUTH CENTRAL INSURANCE CO.,UHC Dual Complete GA-D002 (HMO-POS D-SNP),00025002,25.50,590.00, , ,GA,11200,2,N
H5322,030,000,CARE IMPROVEMENT PLUS SOUTH CENTRAL INSURANCE CO.,UHC Dual Complete GA-D002 (HMO-POS D-SNP),00025002,25.50,590.00, , ,GA,11210,2,N
H5322,030,000,CARE IMPROVEMENT PLUS SOUTH CENTRAL INSURANCE CO.,UHC Dual Complete GA-D002 (HMO-POS D-SNP),00025002,25.50,590.00, , ,GA,11220,2,N
H5322,030,000,CARE IMPROVEMENT PLUS SOUTH CENTRAL INSURANCE CO.,UHC Dual Complete GA-D002 (HMO-POS D-SNP),00025002,25.50,590.00, , ,GA,11230,2,N
H5322,030,000,CARE IMPROVEMENT PLUS SOUTH CENTRAL INSURANCE CO.,UHC Dual Complete GA-D002 (HMO-POS D-SNP),00025002,25.50,590.00, , ,GA,11240,2,N
H5322,030,000,CARE IMPROVEMENT PLUS SOUTH CENTRAL INSURANCE CO.,UHC Dual Complete GA-D002 (HMO-POS D-SNP),00025002,25.50,590.00, , ,GA,11250,2,N
H5322,030,000,CARE IMPROVEMENT PLUS SOUTH CENTRAL INSURANCE CO.,UHC Dual Complete GA-D002 (HMO-POS D-SNP),00025002,25.50,590.00, , ,GA,11260,2,N
H5322,030,000,CARE IMPROVEMENT PLUS SOUTH CENTRAL INSURANCE CO.,UHC Dual Complete GA-D002 (HMO-POS D-SNP),00025002,25.50,590.00, , ,GA,11270,2,N
H5322,030,000,CARE IMPROVEMENT PLUS SOUTH CENTRAL INSURANCE CO.,UHC Dual Complete GA-D002 (HMO-POS D-SNP),00025002,25.50,590.00, , ,GA,11280,2,N
H5322,030,000,CARE IMPROVEMENT PLUS SOUTH CENTRAL INSURANCE CO.,UHC Dual Complete GA-D002 (HMO-POS D-SNP),00025002,25.50,590.00, , ,GA,11281,2,N
H5322,030,000,CARE IMPROVEMENT PLUS SOUTH CENTRAL INSURANCE CO.,UHC Dual Complete GA-D002 (HMO-POS D-SNP),00025002,25.50,590.00, , ,GA,11290,2,N
H5322,030,000,CARE IMPROVEMENT PLUS SOUTH CENTRAL INSURANCE CO.,UHC Dual Complete GA-D002 (HMO-POS D-SNP),00025002,25.50,590.00, , ,GA,11291,2,N
H5322,030,000,CARE IMPROVEMENT PLUS SOUTH CENTRAL INSURANCE CO.,UHC Dual Complete GA-D002 (HMO-POS D-SNP),00025002,25.50,590.00, , ,GA,11300,2,N
H5322,030,000,CARE IMPROVEMENT PLUS SOUTH CENTRAL INSURANCE CO.,UHC Dual Complete GA-D002 (HMO-POS D-SNP),00025002,25.50,590.00, , ,GA,11310,2,N
H5322,030,000,CARE IMPROVEMENT PLUS SOUTH CENTRAL INSURANCE CO.,UHC Dual Complete GA-D002 (HMO-POS D-SNP),00025002,25.50,590.00, , ,GA,11311,2,N
H5322,030,000,CARE IMPROVEMENT PLUS SOUTH CENTRAL INSURANCE CO.,UHC Dual Complete GA-D002 (HMO-POS D-SNP),00025002,25.50,590.00, , ,GA,11320,2,N
H5322,030,000,CARE IMPROVEMENT PLUS SOUTH CENTRAL INSURANCE CO.,UHC Dual Complete GA-D002 (HMO-POS D-SNP),00025002,25.50,590.00, , ,GA,11330,2,N
H5322,030,000,CARE IMPROVEMENT PLUS SOUTH CENTRAL INSURANCE CO.,UHC Dual Complete GA-D002 (HMO-POS D-SNP),00025002,25.50,590.00, , ,GA,11340,2,N
H5322,030,000,CARE IMPROVEMENT PLUS SOUTH CENTRAL INSURANCE CO.,UHC Dual Complete GA-D002 (HMO-POS D-SNP),00025002,25.50,590.00, , ,GA,11341,2,N
H5322,030,000,CARE IMPROVEMENT PLUS SOUTH CENTRAL INSURANCE CO.,UHC Dual Complete GA-D002 (HMO-POS D-SNP),00025002,25.50,590.00, , ,GA,11350,2,N
H5322,030,000,CARE IMPROVEMENT PLUS SOUTH CENTRAL INSURANCE CO.,UHC Dual Complete GA-D002 (HMO-POS D-SNP),00025002,25.50,590.00, , ,GA,11360,2,N
H5322,030,000,CARE IMPROVEMENT PLUS SOUTH CENTRAL INSURANCE CO.,UHC Dual Complete GA-D002 (HMO-POS D-SNP),00025002,25.50,590.00, , ,GA,11370,2,N
H5322,030,000,CARE IMPROVEMENT PLUS SOUTH CENTRAL INSURANCE CO.,UHC Dual Complete GA-D002 (HMO-POS D-SNP),00025002,25.50,590.00, , ,GA,11380,2,N
H5322,030,000,CARE IMPROVEMENT PLUS SOUTH CENTRAL INSURANCE CO.,UHC Dual Complete GA-D002 (HMO-POS D-SNP),00025002,25.50,590.00, , ,GA,11381,2,N
H5322,030,000,CARE IMPROVEMENT PLUS SOUTH CENTRAL INSURANCE CO.,UHC Dual Complete GA-D002 (HMO-POS D-SNP),00025002,25.50,590.00, , ,GA,11400,2,N
H5322,030,000,CARE IMPROVEMENT PLUS SOUTH CENTRAL INSURANCE CO.,UHC Dual Complete GA-D002 (HMO-POS D-SNP),00025002,25.50,590.00, , ,GA,11410,2,N
H5322,030,000,CARE IMPROVEMENT PLUS SOUTH CENTRAL INSURANCE CO.,UHC Dual Complete GA-D002 (HMO-POS D-SNP),00025002,25.50,590.00, , ,GA,11420,2,N
H5322,030,000,CARE IMPROVEMENT PLUS SOUTH CENTRAL INSURANCE CO.,UHC Dual Complete GA-D002 (HMO-POS D-SNP),00025002,25.50,590.00, , ,GA,11421,2,N
H5322,030,000,CARE IMPROVEMENT PLUS SOUTH CENTRAL INSURANCE CO.,UHC Dual Complete GA-D002 (HMO-POS D-SNP),00025002,25.50,590.00, , ,GA,11430,2,N
H5322,030,000,CARE IMPROVEMENT PLUS SOUTH CENTRAL INSURANCE CO.,UHC Dual Complete GA-D002 (HMO-POS D-SNP),00025002,25.50,590.00, , ,GA,11440,2,N
H5322,030,000,CARE IMPROVEMENT PLUS SOUTH CENTRAL INSURANCE CO.,UHC Dual Complete GA-D002 (HMO-POS D-SNP),00025002,25.50,590.00, , ,GA,11441,2,N
H5322,030,000,CARE IMPROVEMENT PLUS SOUTH CENTRAL INSURANCE CO.,UHC Dual Complete GA-D002 (HMO-POS D-SNP),00025002,25.50,590.00, , ,GA,11450,2,N
H5322,030,000,CARE IMPROVEMENT PLUS SOUTH CENTRAL INSURANCE CO.,UHC Dual Complete GA-D002 (HMO-POS D-SNP),00025002,25.50,590.00, , ,GA,11451,2,N
H5322,030,000,CARE IMPROVEMENT PLUS SOUTH CENTRAL INSURANCE CO.,UHC Dual Complete GA-D002 (HMO-POS D-SNP),00025002,25.50,590.00, , ,GA,11460,2,N
H5322,030,000,CARE IMPROVEMENT PLUS SOUTH CENTRAL INSURANCE CO.,UHC Dual Complete GA-D002 (HMO-POS D-SNP),00025002,25.50,590.00, , ,GA,11461,2,N
H5322,030,000,CARE IMPROVEMENT PLUS SOUTH CENTRAL INSURANCE CO.,UHC Dual Complete GA-D002 (HMO-POS D-SNP),00025002,25.50,590.00, , ,GA,11462,2,N
H5322,030,000,CARE IMPROVEMENT PLUS SOUTH CENTRAL INSURANCE CO.,UHC Dual Complete GA-D002 (HMO-POS D-SNP),00025002,25.50,590.00, , ,GA,11470,2,N
H5322,030,000,CARE IMPROVEMENT PLUS SOUTH CENTRAL INSURANCE CO.,UHC Dual Complete GA-D002 (HMO-POS D-SNP),00025002,25.50,590.00, , ,GA,11471,2,N
H5322,030,000,CARE IMPROVEMENT PLUS SOUTH CENTRAL INSURANCE CO.,UHC Dual Complete GA-D002 (HMO-POS D-SNP),00025002,25.50,590.00, , ,GA,11480,2,N
H5322,030,000,CARE IMPROVEMENT PLUS SOUTH CENTRAL INSURANCE CO.,UHC Dual Complete GA-D002 (HMO-POS D-SNP),00025002,25.50,590.00, , ,GA,11490,2,N
H5322,030,000,CARE IMPROVEMENT PLUS SOUTH CENTRAL INSURANCE CO.,UHC Dual Complete GA-D002 (HMO-POS D-SNP),00025002,25.50,590.00, , ,GA,11500,2,N
H5322,030,000,CARE IMPROVEMENT PLUS SOUTH CENTRAL INSURANCE CO.,UHC Dual Complete GA-D002 (HMO-POS D-SNP),00025002,25.50,590.00, , ,GA,11510,2,N
H5322,030,000,CARE IMPROVEMENT PLUS SOUTH CENTRAL INSURANCE CO.,UHC Dual Complete GA-D002 (HMO-POS D-SNP),00025002,25.50,590.00, , ,GA,11520,2,N
H5322,030,000,CARE IMPROVEMENT PLUS SOUTH CENTRAL INSURANCE CO.,UHC Dual Complete GA-D002 (HMO-POS D-SNP),00025002,25.50,590.00, , ,GA,11530,2,N
H5322,030,000,CARE IMPROVEMENT PLUS SOUTH CENTRAL INSURANCE CO.,UHC Dual Complete GA-D002 (HMO-POS D-SNP),00025002,25.50,590.00, , ,GA,11540,2,N
H5322,030,000,CARE IMPROVEMENT PLUS SOUTH CENTRAL INSURANCE CO.,UHC Dual Complete GA-D002 (HMO-POS D-SNP),00025002,25.50,590.00, , ,GA,11550,2,N
H5322,030,000,CARE IMPROVEMENT PLUS SOUTH CENTRAL INSURANCE CO.,UHC Dual Complete GA-D002 (HMO-POS D-SNP),00025002,25.50,590.00, , ,GA,11560,2,N
H5322,030,000,CARE IMPROVEMENT PLUS SOUTH CENTRAL INSURANCE CO.,UHC Dual Complete GA-D002 (HMO-POS D-SNP),00025002,25.50,590.00, , ,GA,11570,2,N
H5322,030,000,CARE IMPROVEMENT PLUS SOUTH CENTRAL INSURANCE CO.,UHC Dual Complete GA-D002 (HMO-POS D-SNP),00025002,25.50,590.00, , ,GA,11580,2,N
H5322,030,000,CARE IMPROVEMENT PLUS SOUTH CENTRAL INSURANCE CO.,UHC Dual Complete GA-D002 (HMO-POS D-SNP),00025002,25.50,590.00, , ,GA,11581,2,N
H5322,030,000,CARE IMPROVEMENT PLUS SOUTH CENTRAL INSURANCE CO.,UHC Dual Complete GA-D002 (HMO-POS D-SNP),00025002,25.50,590.00, , ,GA,11590,2,N
H5322,030,000,CARE IMPROVEMENT PLUS SOUTH CENTRAL INSURANCE CO.,UHC Dual Complete GA-D002 (HMO-POS D-SNP),00025002,25.50,590.00, , ,GA,11591,2,N
H5322,030,000,CARE IMPROVEMENT PLUS SOUTH CENTRAL INSURANCE CO.,UHC Dual Complete GA-D002 (HMO-POS D-SNP),00025002,25.50,590.00, , ,GA,11600,2,N
H5322,030,000,CARE IMPROVEMENT PLUS SOUTH CENTRAL INSURANCE CO.,UHC Dual Complete GA-D002 (HMO-POS D-SNP),00025002,25.50,590.00, , ,GA,11601,2,N
H5322,030,000,CARE IMPROVEMENT PLUS SOUTH CENTRAL INSURANCE CO.,UHC Dual Complete GA-D002 (HMO-POS D-SNP),00025002,25.50,590.00, , ,GA,11610,2,N
H5322,030,000,CARE IMPROVEMENT PLUS SOUTH CENTRAL INSURANCE CO.,UHC Dual Complete GA-D002 (HMO-POS D-SNP),00025002,25.50,590.00, , ,GA,11611,2,N
H5322,030,000,CARE IMPROVEMENT PLUS SOUTH CENTRAL INSURANCE CO.,UHC Dual Complete GA-D002 (HMO-POS D-SNP),00025002,25.50,590.00, , ,GA,11612,2,N
H5322,030,000,CARE IMPROVEMENT PLUS SOUTH CENTRAL INSURANCE CO.,UHC Dual Complete GA-D002 (HMO-POS D-SNP),00025002,25.50,590.00, , ,GA,11620,2,N
H5322,030,000,CARE IMPROVEMENT PLUS SOUTH CENTRAL INSURANCE CO.,UHC Dual Complete GA-D002 (HMO-POS D-SNP),00025002,25.50,590.00, , ,GA,11630,2,N
H5322,030,000,CARE IMPROVEMENT PLUS SOUTH CENTRAL INSURANCE CO.,UHC Dual Complete GA-D002 (HMO-POS D-SNP),00025002,25.50,590.00, , ,GA,11640,2,N
H5322,030,000,CARE IMPROVEMENT PLUS SOUTH CENTRAL INSURANCE CO.,UHC Dual Complete GA-D002 (HMO-POS D-SNP),00025002,25.50,590.00, , ,GA,11650,2,N
H5322,030,000,CARE IMPROVEMENT PLUS SOUTH CENTRAL INSURANCE CO.,UHC Dual Complete GA-D002 (HMO-POS D-SNP),00025002,25.50,590.00, , ,GA,11651,2,N
H5322,030,000,CARE IMPROVEMENT PLUS SOUTH CENTRAL INSURANCE CO.,UHC Dual Complete GA-D002 (HMO-POS D-SNP),00025002,25.50,590.00, , ,GA,11652,2,N
H5322,030,000,CARE IMPROVEMENT PLUS SOUTH CENTRAL INSURANCE CO.,UHC Dual Complete GA-D002 (HMO-POS D-SNP),00025002,25.50,590.00, , ,GA,11660,2,N
H5322,030,000,CARE IMPROVEMENT PLUS SOUTH CENTRAL INSURANCE CO.,UHC Dual Complete GA-D002 (HMO-POS D-SNP),00025002,25.50,590.00, , ,GA,11670,2,N
H5322,030,000,CARE IMPROVEMENT PLUS SOUTH CENTRAL INSURANCE CO.,UHC Dual Complete GA-D002 (HMO-POS D-SNP),00025002,25.50,590.00, , ,GA,11680,2,N
H5322,030,000,CARE IMPROVEMENT PLUS SOUTH CENTRAL INSURANCE CO.,UHC Dual Complete GA-D002 (HMO-POS D-SNP),00025002,25.50,590.00, , ,GA,11690,2,N
H5322,030,000,CARE IMPROVEMENT PLUS SOUTH CENTRAL INSURANCE CO.,UHC Dual Complete GA-D002 (HMO-POS D-SNP),00025002,25.50,590.00, , ,GA,11691,2,N
H5322,030,000,CARE IMPROVEMENT PLUS SOUTH CENTRAL INSURANCE CO.,UHC Dual Complete GA-D002 (HMO-POS D-SNP),00025002,25.50,590.00, , ,GA,11700,2,N
H5322,030,000,CARE IMPROVEMENT PLUS SOUTH CENTRAL INSURANCE CO.,UHC Dual Complete GA-D002 (HMO-POS D-SNP),00025002,25.50,590.00, , ,GA,11701,2,N
H5322,030,000,CARE IMPROVEMENT PLUS SOUTH CENTRAL INSURANCE CO.,UHC Dual Complete GA-D002 (HMO-POS D-SNP),00025002,25.50,590.00, , ,GA,11702,2,N
H5322,030,000,CARE IMPROVEMENT PLUS SOUTH CENTRAL INSURANCE CO.,UHC Dual Complete GA-D002 (HMO-POS D-SNP),00025002,25.50,590.00, , ,GA,11703,2,N
H5322,030,000,CARE IMPROVEMENT PLUS SOUTH CENTRAL INSURANCE CO.,UHC Dual Complete GA-D002 (HMO-POS D-SNP),00025002,25.50,590.00, , ,GA,11710,2,N
H5322,030,000,CARE IMPROVEMENT PLUS SOUTH CENTRAL INSURANCE CO.,UHC Dual Complete GA-D002 (HMO-POS D-SNP),00025002,25.50,590.00, , ,GA,11720,2,N
H5322,030,000,CARE IMPROVEMENT PLUS SOUTH CENTRAL INSURANCE CO.,UHC Dual Complete GA-D002 (HMO-POS D-SNP),00025002,25.50,590.00, , ,GA,11730,2,N
H5322,030,000,CARE IMPROVEMENT PLUS SOUTH CENTRAL INSURANCE CO.,UHC Dual Complete GA-D002 (HMO-POS D-SNP),00025002,25.50,590.00, , ,GA,11740,2,N
H5322,030,000,CARE IMPROVEMENT PLUS SOUTH CENTRAL INSURANCE CO.,UHC Dual Complete GA-D002 (HMO-POS D-SNP),00025002,25.50,590.00, , ,GA,11741,2,N
H5322,030,000,CARE IMPROVEMENT PLUS SOUTH CENTRAL INSURANCE CO.,UHC Dual Complete GA-D002 (HMO-POS D-SNP),00025002,25.50,590.00, , ,GA,11750,2,N
H5322,030,000,CARE IMPROVEMENT PLUS SOUTH CENTRAL INSURANCE CO.,UHC Dual Complete GA-D002 (HMO-POS D-SNP),00025002,25.50,590.00, , ,GA,11760,2,N
H5322,030,000,CARE IMPROVEMENT PLUS SOUTH CENTRAL INSURANCE CO.,UHC Dual Complete GA-D002 (HMO-POS D-SNP),00025002,25.50,590.00, , ,GA,11770,2,N
H5322,030,000,CARE IMPROVEMENT PLUS SOUTH CENTRAL INSURANCE CO.,UHC Dual Complete GA-D002 (HMO-POS D-SNP),00025002,25.50,590.00, , ,GA,11771,2,N
H5322,030,000,CARE IMPROVEMENT PLUS SOUTH CENTRAL INSURANCE CO.,UHC Dual Complete GA-D002 (HMO-POS D-SNP),00025002,25.50,590.00, , ,GA,11772,2,N
H5322,030,000,CARE IMPROVEMENT PLUS SOUTH CENTRAL INSURANCE CO.,UHC Dual Complete GA-D002 (HMO-POS D-SNP),00025002,25.50,590.00, , ,GA,11780,2,N
H5322,030,000,CARE IMPROVEMENT PLUS SOUTH CENTRAL INSURANCE CO.,UHC Dual Complete GA-D002 (HMO-POS D-SNP),00025002,25.50,590.00, , ,GA,11790,2,N
H5322,030,000,CARE IMPROVEMENT PLUS SOUTH CENTRAL INSURANCE CO.,UHC Dual Complete GA-D002 (HMO-POS D-SNP),00025002,25.50,590.00, , ,GA,11800,2,N
H5322,030,000,CARE IMPROVEMENT PLUS SOUTH CENTRAL INSURANCE CO.,UHC Dual Complete GA-D002 (HMO-POS D-SNP),00025002,25.50,590.00, , ,GA,11801,2,N
H5322,030,000,CARE IMPROVEMENT PLUS SOUTH CENTRAL INSURANCE CO.,UHC Dual Complete GA-D002 (HMO-POS D-SNP),00025002,25.50,590.00, , ,GA,11810,2,N
H5322,030,000,CARE IMPROVEMENT PLUS SOUTH CENTRAL INSURANCE CO.,UHC Dual Complete GA-D002 (HMO-POS D-SNP),00025002,25.50,590.00, , ,GA,11811,2,N
H5322,030,000,CARE IMPROVEMENT PLUS SOUTH CENTRAL INSURANCE CO.,UHC Dual Complete GA-D002 (HMO-POS D-SNP),00025002,25.50,590.00, , ,GA,11812,2,N
H5322,030,000,CARE IMPROVEMENT PLUS SOUTH CENTRAL INSURANCE CO.,UHC Dual Complete GA-D002 (HMO-POS D-SNP),00025002,25.50,590.00, , ,GA,11820,2,N
H5322,030,000,CARE IMPROVEMENT PLUS SOUTH CENTRAL INSURANCE CO.,UHC Dual Complete GA-D002 (HMO-POS D-SNP),00025002,25.50,590.00, , ,GA,11821,2,N
H5322,030,000,CARE IMPROVEMENT PLUS SOUTH CENTRAL INSURANCE CO.,UHC Dual Complete GA-D002 (HMO-POS D-SNP),00025002,25.50,590.00, , ,GA,11830,2,N
H5322,030,000,CARE IMPROVEMENT PLUS SOUTH CENTRAL INSURANCE CO.,UHC Dual Complete GA-D002 (HMO-POS D-SNP),00025002,25.50,590.00, , ,GA,11831,2,N
H5322,030,000,CARE IMPROVEMENT PLUS SOUTH CENTRAL INSURANCE CO.,UHC Dual Complete GA-D002 (HMO-POS D-SNP),00025002,25.50,590.00, , ,GA,11832,2,N
H5322,030,000,CARE IMPROVEMENT PLUS SOUTH CENTRAL INSURANCE CO.,UHC Dual Complete GA-D002 (HMO-POS D-SNP),00025002,25.50,590.00, , ,GA,11833,2,N
H5322,030,000,CARE IMPROVEMENT PLUS SOUTH CENTRAL INSURANCE CO.,UHC Dual Complete GA-D002 (HMO-POS D-SNP),00025002,25.50,590.00, , ,GA,11834,2,N
H5322,030,000,CARE IMPROVEMENT PLUS SOUTH CENTRAL INSURANCE CO.,UHC Dual Complete GA-D002 (HMO-POS D-SNP),00025002,25.50,590.00, , ,GA,11835,2,N
H5322,030,000,CARE IMPROVEMENT PLUS SOUTH CENTRAL INSURANCE CO.,UHC Dual Complete GA-D002 (HMO-POS D-SNP),00025002,25.50,590.00, , ,GA,11840,2,N
H5322,030,000,CARE IMPROVEMENT PLUS SOUTH CENTRAL INSURANCE CO.,UHC Dual Complete GA-D002 (HMO-POS D-SNP),00025002,25.50,590.00, , ,GA,11841,2,N
H5322,030,000,CARE IMPROVEMENT PLUS SOUTH CENTRAL INSURANCE CO.,UHC Dual Complete GA-D002 (HMO-POS D-SNP),00025002,25.50,590.00, , ,GA,11842,2,N
H5322,030,000,CARE IMPROVEMENT PLUS SOUTH CENTRAL INSURANCE CO.,UHC Dual Complete GA-D002 (HMO-POS D-SNP),00025002,25.50,590.00, , ,GA,11850,2,N
H5322,030,000,CARE IMPROVEMENT PLUS SOUTH CENTRAL INSURANCE CO.,UHC Dual Complete GA-D002 (HMO-POS D-SNP),00025002,25.50,590.00, , ,GA,11851,2,N
H5322,030,000,CARE IMPROVEMENT PLUS SOUTH CENTRAL INSURANCE CO.,UHC Dual Complete GA-D002 (HMO-POS D-SNP),00025002,25.50,590.00, , ,GA,11860,2,N
H5322,030,000,CARE IMPROVEMENT PLUS SOUTH CENTRAL INSURANCE CO.,UHC Dual Complete GA-D002 (HMO-POS D-SNP),00025002,25.50,590.00, , ,GA,11861,2,N
H5322,030,000,CARE IMPROVEMENT PLUS SOUTH CENTRAL INSURANCE CO.,UHC Dual Complete GA-D002 (HMO-POS D-SNP),00025002,25.50,590.00, , ,GA,11862,2,N
H5322,030,000,CARE IMPROVEMENT PLUS SOUTH CENTRAL INSURANCE CO.,UHC Dual Complete GA-D002 (HMO-POS D-SNP),00025002,25.50,590.00, , ,GA,11870,2,N
H5322,030,000,CARE IMPROVEMENT PLUS SOUTH CENTRAL INSURANCE CO.,UHC Dual Complete GA-D002 (HMO-POS D-SNP),00025002,25.50,590.00, , ,GA,11880,2,N
H5322,030,000,CARE IMPROVEMENT PLUS SOUTH CENTRAL INSURANCE CO.,UHC Dual Complete GA-D002 (HMO-POS D-SNP),00025002,25.50,590.00, , ,GA,11881,2,N
H5322,030,000,CARE IMPROVEMENT PLUS SOUTH CENTRAL INSURANCE CO.,UHC Dual Complete GA-D002 (HMO-POS D-SNP),00025002,25.50,590.00, , ,GA,11882,2,N
H5322,030,000,CARE IMPROVEMENT PLUS SOUTH CENTRAL INSURANCE CO.,UHC Dual Complete GA-D002 (HMO-POS D-SNP),00025002,25.50,590.00, , ,GA,11883,2,N
H5322,030,000,CARE IMPROVEMENT PLUS SOUTH CENTRAL INSURANCE CO.,UHC Dual Complete GA-D002 (HMO-POS D-SNP),00025002,25.50,590.00, , ,GA,11884,2,N
H5322,030,000,CARE IMPROVEMENT PLUS SOUTH CENTRAL INSURANCE CO.,UHC Dual Complete GA-D002 (HMO-POS D-SNP),00025002,25.50,590.00, , ,GA,11885,2,N
H5322,030,000,CARE IMPROVEMENT PLUS SOUTH CENTRAL INSURANCE CO.,UHC Dual Complete GA-D002 (HMO-POS D-SNP),00025002,25.50,590.00, , ,GA,11890,2,N
H5322,030,000,CARE IMPROVEMENT PLUS SOUTH CENTRAL INSURANCE CO.,UHC Dual Complete GA-D002 (HMO-POS D-SNP),00025002,25.50,590.00, , ,GA,11900,2,N
H5322,030,000,CARE IMPROVEMENT PLUS SOUTH CENTRAL INSURANCE CO.,UHC Dual Complete GA-D002 (HMO-POS D-SNP),00025002,25.50,590.00, , ,GA,11901,2,N
H5322,030,000,CARE IMPROVEMENT PLUS SOUTH CENTRAL INSURANCE CO.,UHC Dual Complete GA-D002 (HMO-POS D-SNP),00025002,25.50,590.00, , ,GA,11902,2,N
H5322,030,000,CARE IMPROVEMENT PLUS SOUTH CENTRAL INSURANCE CO.,UHC Dual Complete GA-D002 (HMO-POS D-SNP),00025002,25.50,590.00, , ,GA,11903,2,N
H5322,030,000,CARE IMPROVEMENT PLUS SOUTH CENTRAL INSURANCE CO.,UHC Dual Complete GA-D002 (HMO-POS D-SNP),00025002,25.50,590.00, , ,GA,11910,2,N
H5322,030,000,CARE IMPROVEMENT PLUS SOUTH CENTRAL INSURANCE CO.,UHC Dual Complete GA-D002 (HMO-POS D-SNP),00025002,25.50,590.00, , ,GA,11911,2,N
H5322,030,000,CARE IMPROVEMENT PLUS SOUTH CENTRAL INSURANCE CO.,UHC Dual Complete GA-D002 (HMO-POS D-SNP),00025002,25.50,590.00, , ,GA,11912,2,N
H5322,030,000,CARE IMPROVEMENT PLUS SOUTH CENTRAL INSURANCE CO.,UHC Dual Complete GA-D002 (HMO-POS D-SNP),00025002,25.50,590.00, , ,GA,11913,2,N
H5322,030,000,CARE IMPROVEMENT PLUS SOUTH CENTRAL INSURANCE CO.,UHC Dual Complete GA-D002 (HMO-POS D-SNP),00025002,25.50,590.00, , ,GA,11920,2,N
H5322,030,000,CARE IMPROVEMENT PLUS SOUTH CENTRAL INSURANCE CO.,UHC Dual Complete GA-D002 (HMO-POS D-SNP),00025002,25.50,590.00, , ,GA,11921,2,N
H5322,030,000,CARE IMPROVEMENT PLUS SOUTH CENTRAL INSURANCE CO.,UHC Dual Complete GA-D002 (HMO-POS D-SNP),00025002,25.50,590.00, , ,GA,11930,2,N
H5322,030,000,CARE IMPROVEMENT PLUS SOUTH CENTRAL INSURANCE CO.,UHC Dual Complete GA-D002 (HMO-POS D-SNP),00025002,25.50,590.00, , ,GA,11940,2,N
H5322,030,000,CARE IMPROVEMENT PLUS SOUTH CENTRAL INSURANCE CO.,UHC Dual Complete GA-D002 (HMO-POS D-SNP),00025002,25.50,590.00, , ,GA,11941,2,N
H5322,030,000,CARE IMPROVEMENT PLUS SOUTH CENTRAL INSURANCE CO.,UHC Dual Complete GA-D002 (HMO-POS D-SNP),00025002,25.50,590.00, , ,GA,11950,2,N
H5322,030,000,CARE IMPROVEMENT PLUS SOUTH CENTRAL INSURANCE CO.,UHC Dual Complete GA-D002 (HMO-POS D-SNP),00025002,25.50,590.00, , ,GA,11960,2,N
H5322,030,000,CARE IMPROVEMENT PLUS SOUTH CENTRAL INSURANCE CO.,UHC Dual Complete GA-D002 (HMO-POS D-SNP),00025002,25.50,590.00, , ,GA,11961,2,N
H5322,030,000,CARE IMPROVEMENT PLUS SOUTH CENTRAL INSURANCE CO.,UHC Dual Complete GA-D002 (HMO-POS D-SNP),00025002,25.50,590.00, , ,GA,11962,2,N
H5322,030,000,CARE IMPROVEMENT PLUS SOUTH CENTRAL INSURANCE CO.,UHC Dual Complete GA-D002 (HMO-POS D-SNP),00025002,25.50,590.00, , ,GA,11963,2,N
H5322,030,000,CARE IMPROVEMENT PLUS SOUTH CENTRAL INSURANCE CO.,UHC Dual Complete GA-D002 (HMO-POS D-SNP),00025002,25.50,590.00, , ,GA,11970,2,N
H5322,030,000,CARE IMPROVEMENT PLUS SOUTH CENTRAL INSURANCE CO.,UHC Dual Complete GA-D002 (HMO-POS D-SNP),00025002,25.50,590.00, , ,GA,11971,2,N
H5322,030,000,CARE IMPROVEMENT PLUS SOUTH CENTRAL INSURANCE CO.,UHC Dual Complete GA-D002 (HMO-POS D-SNP),00025002,25.50,590.00, , ,GA,11972,2,N
H5322,030,000,CARE IMPROVEMENT PLUS SOUTH CENTRAL INSURANCE CO.,UHC Dual Complete GA-D002 (HMO-POS D-SNP),00025002,25.50,590.00, , ,GA,11973,2,N
H5322,030,000,CARE IMPROVEMENT PLUS SOUTH CENTRAL INSURANCE CO.,UHC Dual Complete GA-D002 (HMO-POS D-SNP),00025002,25.50,590.00, , ,GA,11980,2,N
H3256,003,000,CARE IMPROVEMENT PLUS SOUTH CENTRAL INSURANCE CO.,UHC Dual Complete GA-S2 (PPO D-SNP),00025002,40.00,590.00, , ,GA,11000,2,N
H3256,003,000,CARE IMPROVEMENT PLUS SOUTH CENTRAL INSURANCE CO.,UHC Dual Complete GA-S2 (PPO D-SNP),00025002,40.00,590.00, , ,GA,11010,2,N
H3256,003,000,CARE IMPROVEMENT PLUS SOUTH CENTRAL INSURANCE CO.,UHC Dual Complete GA-S2 (PPO D-SNP),00025002,40.00,590.00, , ,GA,11011,2,N
H3256,003,000,CARE IMPROVEMENT PLUS SOUTH CENTRAL INSURANCE CO.,UHC Dual Complete GA-S2 (PPO D-SNP),00025002,40.00,590.00, , ,GA,11020,2,N
H3256,003,000,CARE IMPROVEMENT PLUS SOUTH CENTRAL INSURANCE CO.,UHC Dual Complete GA-S2 (PPO D-SNP),00025002,40.00,590.00, , ,GA,11030,2,N
H3256,003,000,CARE IMPROVEMENT PLUS SOUTH CENTRAL INSURANCE CO.,UHC Dual Complete GA-S2 (PPO D-SNP),00025002,40.00,590.00, , ,GA,11040,2,N
H3256,003,000,CARE IMPROVEMENT PLUS SOUTH CENTRAL INSURANCE CO.,UHC Dual Complete GA-S2 (PPO D-SNP),00025002,40.00,590.00, , ,GA,11050,2,N
H3256,003,000,CARE IMPROVEMENT PLUS SOUTH CENTRAL INSURANCE CO.,UHC Dual Complete GA-S2 (PPO D-SNP),00025002,40.00,590.00, , ,GA,11060,2,N
H3256,003,000,CARE IMPROVEMENT PLUS SOUTH CENTRAL INSURANCE CO.,UHC Dual Complete GA-S2 (PPO D-SNP),00025002,40.00,590.00, , ,GA,11070,2,N
H3256,003,000,CARE IMPROVEMENT PLUS SOUTH CENTRAL INSURANCE CO.,UHC Dual Complete GA-S2 (PPO D-SNP),00025002,40.00,590.00, , ,GA,11080,2,N
H3256,003,000,CARE IMPROVEMENT PLUS SOUTH CENTRAL INSURANCE CO.,UHC Dual Complete GA-S2 (PPO D-SNP),00025002,40.00,590.00, , ,GA,11090,2,N
H3256,003,000,CARE IMPROVEMENT PLUS SOUTH CENTRAL INSURANCE CO.,UHC Dual Complete GA-S2 (PPO D-SNP),00025002,40.00,590.00, , ,GA,11100,2,N
H3256,003,000,CARE IMPROVEMENT PLUS SOUTH CENTRAL INSURANCE CO.,UHC Dual Complete GA-S2 (PPO D-SNP),00025002,40.00,590.00, , ,GA,11110,2,N
H3256,003,000,CARE IMPROVEMENT PLUS SOUTH CENTRAL INSURANCE CO.,UHC Dual Complete GA-S2 (PPO D-SNP),00025002,40.00,590.00, , ,GA,11120,2,N
H3256,003,000,CARE IMPROVEMENT PLUS SOUTH CENTRAL INSURANCE CO.,UHC Dual Complete GA-S2 (PPO D-SNP),00025002,40.00,590.00, , ,GA,11130,2,N
H3256,003,000,CARE IMPROVEMENT PLUS SOUTH CENTRAL INSURANCE CO.,UHC Dual Complete GA-S2 (PPO D-SNP),00025002,40.00,590.00, , ,GA,11140,2,N
H3256,003,000,CARE IMPROVEMENT PLUS SOUTH CENTRAL INSURANCE CO.,UHC Dual Complete GA-S2 (PPO D-SNP),00025002,40.00,590.00, , ,GA,11150,2,N
H3256,003,000,CARE IMPROVEMENT PLUS SOUTH CENTRAL INSURANCE CO.,UHC Dual Complete GA-S2 (PPO D-SNP),00025002,40.00,590.00, , ,GA,11160,2,N
H3256,003,000,CARE IMPROVEMENT PLUS SOUTH CENTRAL INSURANCE CO.,UHC Dual Complete GA-S2 (PPO D-SNP),00025002,40.00,590.00, , ,GA,11161,2,N
H3256,003,000,CARE IMPROVEMENT PLUS SOUTH CENTRAL INSURANCE CO.,UHC Dual Complete GA-S2 (PPO D-SNP),00025002,40.00,590.00, , ,GA,11170,2,N
H3256,003,000,CARE IMPROVEMENT PLUS SOUTH CENTRAL INSURANCE CO.,UHC Dual Complete GA-S2 (PPO D-SNP),00025002,40.00,590.00, , ,GA,11180,2,N
H3256,003,000,CARE IMPROVEMENT PLUS SOUTH CENTRAL INSURANCE CO.,UHC Dual Complete GA-S2 (PPO D-SNP),00025002,40.00,590.00, , ,GA,11200,2,N
H3256,003,000,CARE IMPROVEMENT PLUS SOUTH CENTRAL INSURANCE CO.,UHC Dual Complete GA-S2 (PPO D-SNP),00025002,40.00,590.00, , ,GA,11210,2,N
H3256,003,000,CARE IMPROVEMENT PLUS SOUTH CENTRAL INSURANCE CO.,UHC Dual Complete GA-S2 (PPO D-SNP),00025002,40.00,590.00, , ,GA,11220,2,N
H3256,003,000,CARE IMPROVEMENT PLUS SOUTH CENTRAL INSURANCE CO.,UHC Dual Complete GA-S2 (PPO D-SNP),00025002,40.00,590.00, , ,GA,11230,2,N
H3256,003,000,CARE IMPROVEMENT PLUS SOUTH CENTRAL INSURANCE CO.,UHC Dual Complete GA-S2 (PPO D-SNP),00025002,40.00,590.00, , ,GA,11240,2,N
H3256,003,000,CARE IMPROVEMENT PLUS SOUTH CENTRAL INSURANCE CO.,UHC Dual Complete GA-S2 (PPO D-SNP),00025002,40.00,590.00, , ,GA,11250,2,N
H3256,003,000,CARE IMPROVEMENT PLUS SOUTH CENTRAL INSURANCE CO.,UHC Dual Complete GA-S2 (PPO D-SNP),00025002,40.00,590.00, , ,GA,11260,2,N
H3256,003,000,CARE IMPROVEMENT PLUS SOUTH CENTRAL INSURANCE CO.,UHC Dual Complete GA-S2 (PPO D-SNP),00025002,40.00,590.00, , ,GA,11270,2,N
H3256,003,000,CARE IMPROVEMENT PLUS SOUTH CENTRAL INSURANCE CO.,UHC Dual Complete GA-S2 (PPO D-SNP),00025002,40.00,590.00, , ,GA,11280,2,N
H3256,003,000,CARE IMPROVEMENT PLUS SOUTH CENTRAL INSURANCE CO.,UHC Dual Complete GA-S2 (PPO D-SNP),00025002,40.00,590.00, , ,GA,11281,2,N
H3256,003,000,CARE IMPROVEMENT PLUS SOUTH CENTRAL INSURANCE CO.,UHC Dual Complete GA-S2 (PPO D-SNP),00025002,40.00,590.00, , ,GA,11290,2,N
H3256,003,000,CARE IMPROVEMENT PLUS SOUTH CENTRAL INSURANCE CO.,UHC Dual Complete GA-S2 (PPO D-SNP),00025002,40.00,590.00, , ,GA,11291,2,N
H3256,003,000,CARE IMPROVEMENT PLUS SOUTH CENTRAL INSURANCE CO.,UHC Dual Complete GA-S2 (PPO D-SNP),00025002,40.00,590.00, , ,GA,11300,2,N
H3256,003,000,CARE IMPROVEMENT PLUS SOUTH CENTRAL INSURANCE CO.,UHC Dual Complete GA-S2 (PPO D-SNP),00025002,40.00,590.00, , ,GA,11310,2,N
H3256,003,000,CARE IMPROVEMENT PLUS SOUTH CENTRAL INSURANCE CO.,UHC Dual Complete GA-S2 (PPO D-SNP),00025002,40.00,590.00, , ,GA,11311,2,N
H3256,003,000,CARE IMPROVEMENT PLUS SOUTH CENTRAL INSURANCE CO.,UHC Dual Complete GA-S2 (PPO D-SNP),00025002,40.00,590.00, , ,GA,11320,2,N
H3256,003,000,CARE IMPROVEMENT PLUS SOUTH CENTRAL INSURANCE CO.,UHC Dual Complete GA-S2 (PPO D-SNP),00025002,40.00,590.00, , ,GA,11330,2,N
H3256,003,000,CARE IMPROVEMENT PLUS SOUTH CENTRAL INSURANCE CO.,UHC Dual Complete GA-S2 (PPO D-SNP),00025002,40.00,590.00, , ,GA,11340,2,N
H3256,003,000,CARE IMPROVEMENT PLUS SOUTH CENTRAL INSURANCE CO.,UHC Dual Complete GA-S2 (PPO D-SNP),00025002,40.00,590.00, , ,GA,11341,2,N
H3256,003,000,CARE IMPROVEMENT PLUS SOUTH CENTRAL INSURANCE CO.,UHC Dual Complete GA-S2 (PPO D-SNP),00025002,40.00,590.00, , ,GA,11350,2,N
H3256,003,000,CARE IMPROVEMENT PLUS SOUTH CENTRAL INSURANCE CO.,UHC Dual Complete GA-S2 (PPO D-SNP),00025002,40.00,590.00, , ,GA,11360,2,N
H3256,003,000,CARE IMPROVEMENT PLUS SOUTH CENTRAL INSURANCE CO.,UHC Dual Complete GA-S2 (PPO D-SNP),00025002,40.00,590.00, , ,GA,11370,2,N
H3256,003,000,CARE IMPROVEMENT PLUS SOUTH CENTRAL INSURANCE CO.,UHC Dual Complete GA-S2 (PPO D-SNP),00025002,40.00,590.00, , ,GA,11380,2,N
H3256,003,000,CARE IMPROVEMENT PLUS SOUTH CENTRAL INSURANCE CO.,UHC Dual Complete GA-S2 (PPO D-SNP),00025002,40.00,590.00, , ,GA,11381,2,N
H3256,003,000,CARE IMPROVEMENT PLUS SOUTH CENTRAL INSURANCE CO.,UHC Dual Complete GA-S2 (PPO D-SNP),00025002,40.00,590.00, , ,GA,11400,2,N
H3256,003,000,CARE IMPROVEMENT PLUS SOUTH CENTRAL INSURANCE CO.,UHC Dual Complete GA-S2 (PPO D-SNP),00025002,40.00,590.00, , ,GA,11410,2,N
H3256,003,000,CARE IMPROVEMENT PLUS SOUTH CENTRAL INSURANCE CO.,UHC Dual Complete GA-S2 (PPO D-SNP),00025002,40.00,590.00, , ,GA,11420,2,N
H3256,003,000,CARE IMPROVEMENT PLUS SOUTH CENTRAL INSURANCE CO.,UHC Dual Complete GA-S2 (PPO D-SNP),00025002,40.00,590.00, , ,GA,11421,2,N
H3256,003,000,CARE IMPROVEMENT PLUS SOUTH CENTRAL INSURANCE CO.,UHC Dual Complete GA-S2 (PPO D-SNP),00025002,40.00,590.00, , ,GA,11430,2,N
H3256,003,000,CARE IMPROVEMENT PLUS SOUTH CENTRAL INSURANCE CO.,UHC Dual Complete GA-S2 (PPO D-SNP),00025002,40.00,590.00, , ,GA,11440,2,N
H3256,003,000,CARE IMPROVEMENT PLUS SOUTH CENTRAL INSURANCE CO.,UHC Dual Complete GA-S2 (PPO D-SNP),00025002,40.00,590.00, , ,GA,11441,2,N
H3256,003,000,CARE IMPROVEMENT PLUS SOUTH CENTRAL INSURANCE CO.,UHC Dual Complete GA-S2 (PPO D-SNP),00025002,40.00,590.00, , ,GA,11450,2,N
H3256,003,000,CARE IMPROVEMENT PLUS SOUTH CENTRAL INSURANCE CO.,UHC Dual Complete GA-S2 (PPO D-SNP),00025002,40.00,590.00, , ,GA,11451,2,N
H3256,003,000,CARE IMPROVEMENT PLUS SOUTH CENTRAL INSURANCE CO.,UHC Dual Complete GA-S2 (PPO D-SNP),00025002,40.00,590.00, , ,GA,11460,2,N
H3256,003,000,CARE IMPROVEMENT PLUS SOUTH CENTRAL INSURANCE CO.,UHC Dual Complete GA-S2 (PPO D-SNP),00025002,40.00,590.00, , ,GA,11461,2,N
H3256,003,000,CARE IMPROVEMENT PLUS SOUTH CENTRAL INSURANCE CO.,UHC Dual Complete GA-S2 (PPO D-SNP),00025002,40.00,590.00, , ,GA,11462,2,N
H3256,003,000,CARE IMPROVEMENT PLUS SOUTH CENTRAL INSURANCE CO.,UHC Dual Complete GA-S2 (PPO D-SNP),00025002,40.00,590.00, , ,GA,11470,2,N
H3256,003,000,CARE IMPROVEMENT PLUS SOUTH CENTRAL INSURANCE CO.,UHC Dual Complete GA-S2 (PPO D-SNP),00025002,40.00,590.00, , ,GA,11471,2,N
H3256,003,000,CARE IMPROVEMENT PLUS SOUTH CENTRAL INSURANCE CO.,UHC Dual Complete GA-S2 (PPO D-SNP),00025002,40.00,590.00, , ,GA,11480,2,N
H3256,003,000,CARE IMPROVEMENT PLUS SOUTH CENTRAL INSURANCE CO.,UHC Dual Complete GA-S2 (PPO D-SNP),00025002,40.00,590.00, , ,GA,11490,2,N
H3256,003,000,CARE IMPROVEMENT PLUS SOUTH CENTRAL INSURANCE CO.,UHC Dual Complete GA-S2 (PPO D-SNP),00025002,40.00,590.00, , ,GA,11500,2,N
H3256,003,000,CARE IMPROVEMENT PLUS SOUTH CENTRAL INSURANCE CO.,UHC Dual Complete GA-S2 (PPO D-SNP),00025002,40.00,590.00, , ,GA,11510,2,N
H3256,003,000,CARE IMPROVEMENT PLUS SOUTH CENTRAL INSURANCE CO.,UHC Dual Complete GA-S2 (PPO D-SNP),00025002,40.00,590.00, , ,GA,11520,2,N
H3256,003,000,CARE IMPROVEMENT PLUS SOUTH CENTRAL INSURANCE CO.,UHC Dual Complete GA-S2 (PPO D-SNP),00025002,40.00,590.00, , ,GA,11530,2,N
H3256,003,000,CARE IMPROVEMENT PLUS SOUTH CENTRAL INSURANCE CO.,UHC Dual Complete GA-S2 (PPO D-SNP),00025002,40.00,590.00, , ,GA,11540,2,N
H3256,003,000,CARE IMPROVEMENT PLUS SOUTH CENTRAL INSURANCE CO.,UHC Dual Complete GA-S2 (PPO D-SNP),00025002,40.00,590.00, , ,GA,11550,2,N
H3256,003,000,CARE IMPROVEMENT PLUS SOUTH CENTRAL INSURANCE CO.,UHC Dual Complete GA-S2 (PPO D-SNP),00025002,40.00,590.00, , ,GA,11560,2,N
H3256,003,000,CARE IMPROVEMENT PLUS SOUTH CENTRAL INSURANCE CO.,UHC Dual Complete GA-S2 (PPO D-SNP),00025002,40.00,590.00, , ,GA,11570,2,N
H3256,003,000,CARE IMPROVEMENT PLUS SOUTH CENTRAL INSURANCE CO.,UHC Dual Complete GA-S2 (PPO D-SNP),00025002,40.00,590.00, , ,GA,11580,2,N
H3256,003,000,CARE IMPROVEMENT PLUS SOUTH CENTRAL INSURANCE CO.,UHC Dual Complete GA-S2 (PPO D-SNP),00025002,40.00,590.00, , ,GA,11581,2,N
H3256,003,000,CARE IMPROVEMENT PLUS SOUTH CENTRAL INSURANCE CO.,UHC Dual Complete GA-S2 (PPO D-SNP),00025002,40.00,590.00, , ,GA,11590,2,N
H3256,003,000,CARE IMPROVEMENT PLUS SOUTH CENTRAL INSURANCE CO.,UHC Dual Complete GA-S2 (PPO D-SNP),00025002,40.00,590.00, , ,GA,11591,2,N
H3256,003,000,CARE IMPROVEMENT PLUS SOUTH CENTRAL INSURANCE CO.,UHC Dual Complete GA-S2 (PPO D-SNP),00025002,40.00,590.00, , ,GA,11600,2,N
H3256,003,000,CARE IMPROVEMENT PLUS SOUTH CENTRAL INSURANCE CO.,UHC Dual Complete GA-S2 (PPO D-SNP),00025002,40.00,590.00, , ,GA,11601,2,N
H3256,003,000,CARE IMPROVEMENT PLUS SOUTH CENTRAL INSURANCE CO.,UHC Dual Complete GA-S2 (PPO D-SNP),00025002,40.00,590.00, , ,GA,11610,2,N
H3256,003,000,CARE IMPROVEMENT PLUS SOUTH CENTRAL INSURANCE CO.,UHC Dual Complete GA-S2 (PPO D-SNP),00025002,40.00,590.00, , ,GA,11611,2,N
H3256,003,000,CARE IMPROVEMENT PLUS SOUTH CENTRAL INSURANCE CO.,UHC Dual Complete GA-S2 (PPO D-SNP),00025002,40.00,590.00, , ,GA,11612,2,N
H3256,003,000,CARE IMPROVEMENT PLUS SOUTH CENTRAL INSURANCE CO.,UHC Dual Complete GA-S2 (PPO D-SNP),00025002,40.00,590.00, , ,GA,11620,2,N
H3256,003,000,CARE IMPROVEMENT PLUS SOUTH CENTRAL INSURANCE CO.,UHC Dual Complete GA-S2 (PPO D-SNP),00025002,40.00,590.00, , ,GA,11630,2,N
H3256,003,000,CARE IMPROVEMENT PLUS SOUTH CENTRAL INSURANCE CO.,UHC Dual Complete GA-S2 (PPO D-SNP),00025002,40.00,590.00, , ,GA,11640,2,N
H3256,003,000,CARE IMPROVEMENT PLUS SOUTH CENTRAL INSURANCE CO.,UHC Dual Complete GA-S2 (PPO D-SNP),00025002,40.00,590.00, , ,GA,11650,2,N
H3256,003,000,CARE IMPROVEMENT PLUS SOUTH CENTRAL INSURANCE CO.,UHC Dual Complete GA-S2 (PPO D-SNP),00025002,40.00,590.00, , ,GA,11651,2,N
H3256,003,000,CARE IMPROVEMENT PLUS SOUTH CENTRAL INSURANCE CO.,UHC Dual Complete GA-S2 (PPO D-SNP),00025002,40.00,590.00, , ,GA,11652,2,N
H3256,003,000,CARE IMPROVEMENT PLUS SOUTH CENTRAL INSURANCE CO.,UHC Dual Complete GA-S2 (PPO D-SNP),00025002,40.00,590.00, , ,GA,11660,2,N
H3256,003,000,CARE IMPROVEMENT PLUS SOUTH CENTRAL INSURANCE CO.,UHC Dual Complete GA-S2 (PPO D-SNP),00025002,40.00,590.00, , ,GA,11670,2,N
H3256,003,000,CARE IMPROVEMENT PLUS SOUTH CENTRAL INSURANCE CO.,UHC Dual Complete GA-S2 (PPO D-SNP),00025002,40.00,590.00, , ,GA,11680,2,N
H3256,003,000,CARE IMPROVEMENT PLUS SOUTH CENTRAL INSURANCE CO.,UHC Dual Complete GA-S2 (PPO D-SNP),00025002,40.00,590.00, , ,GA,11690,2,N
H3256,003,000,CARE IMPROVEMENT PLUS SOUTH CENTRAL INSURANCE CO.,UHC Dual Complete GA-S2 (PPO D-SNP),00025002,40.00,590.00, , ,GA,11691,2,N
H3256,003,000,CARE IMPROVEMENT PLUS SOUTH CENTRAL INSURANCE CO.,UHC Dual Complete GA-S2 (PPO D-SNP),00025002,40.00,590.00, , ,GA,11700,2,N
H3256,003,000,CARE IMPROVEMENT PLUS SOUTH CENTRAL INSURANCE CO.,UHC Dual Complete GA-S2 (PPO D-SNP),00025002,40.00,590.00, , ,GA,11701,2,N
H3256,003,000,CARE IMPROVEMENT PLUS SOUTH CENTRAL INSURANCE CO.,UHC Dual Complete GA-S2 (PPO D-SNP),00025002,40.00,590.00, , ,GA,11702,2,N
H3256,003,000,CARE IMPROVEMENT PLUS SOUTH CENTRAL INSURANCE CO.,UHC Dual Complete GA-S2 (PPO D-SNP),00025002,40.00,590.00, , ,GA,11703,2,N
H3256,003,000,CARE IMPROVEMENT PLUS SOUTH CENTRAL INSURANCE CO.,UHC Dual Complete GA-S2 (PPO D-SNP),00025002,40.00,590.00, , ,GA,11710,2,N
H3256,003,000,CARE IMPROVEMENT PLUS SOUTH CENTRAL INSURANCE CO.,UHC Dual Complete GA-S2 (PPO D-SNP),00025002,40.00,590.00, , ,GA,11720,2,N
H3256,003,000,CARE IMPROVEMENT PLUS SOUTH CENTRAL INSURANCE CO.,UHC Dual Complete GA-S2 (PPO D-SNP),00025002,40.00,590.00, , ,GA,11730,2,N
H3256,003,000,CARE IMPROVEMENT PLUS SOUTH CENTRAL INSURANCE CO.,UHC Dual Complete GA-S2 (PPO D-SNP),00025002,40.00,590.00, , ,GA,11740,2,N
H3256,003,000,CARE IMPROVEMENT PLUS SOUTH CENTRAL INSURANCE CO.,UHC Dual Complete GA-S2 (PPO D-SNP),00025002,40.00,590.00, , ,GA,11741,2,N
H3256,003,000,CARE IMPROVEMENT PLUS SOUTH CENTRAL INSURANCE CO.,UHC Dual Complete GA-S2 (PPO D-SNP),00025002,40.00,590.00, , ,GA,11750,2,N
H3256,003,000,CARE IMPROVEMENT PLUS SOUTH CENTRAL INSURANCE CO.,UHC Dual Complete GA-S2 (PPO D-SNP),00025002,40.00,590.00, , ,GA,11760,2,N
H3256,003,000,CARE IMPROVEMENT PLUS SOUTH CENTRAL INSURANCE CO.,UHC Dual Complete GA-S2 (PPO D-SNP),00025002,40.00,590.00, , ,GA,11770,2,N
H3256,003,000,CARE IMPROVEMENT PLUS SOUTH CENTRAL INSURANCE CO.,UHC Dual Complete GA-S2 (PPO D-SNP),00025002,40.00,590.00, , ,GA,11771,2,N
H3256,003,000,CARE IMPROVEMENT PLUS SOUTH CENTRAL INSURANCE CO.,UHC Dual Complete GA-S2 (PPO D-SNP),00025002,40.00,590.00, , ,GA,11772,2,N
H3256,003,000,CARE IMPROVEMENT PLUS SOUTH CENTRAL INSURANCE CO.,UHC Dual Complete GA-S2 (PPO D-SNP),00025002,40.00,590.00, , ,GA,11780,2,N
H3256,003,000,CARE IMPROVEMENT PLUS SOUTH CENTRAL INSURANCE CO.,UHC Dual Complete GA-S2 (PPO D-SNP),00025002,40.00,590.00, , ,GA,11790,2,N
H3256,003,000,CARE IMPROVEMENT PLUS SOUTH CENTRAL INSURANCE CO.,UHC Dual Complete GA-S2 (PPO D-SNP),00025002,40.00,590.00, , ,GA,11800,2,N
H3256,003,000,CARE IMPROVEMENT PLUS SOUTH CENTRAL INSURANCE CO.,UHC Dual Complete GA-S2 (PPO D-SNP),00025002,40.00,590.00, , ,GA,11801,2,N
H3256,003,000,CARE IMPROVEMENT PLUS SOUTH CENTRAL INSURANCE CO.,UHC Dual Complete GA-S2 (PPO D-SNP),00025002,40.00,590.00, , ,GA,11810,2,N
H3256,003,000,CARE IMPROVEMENT PLUS SOUTH CENTRAL INSURANCE CO.,UHC Dual Complete GA-S2 (PPO D-SNP),00025002,40.00,590.00, , ,GA,11811,2,N
H3256,003,000,CARE IMPROVEMENT PLUS SOUTH CENTRAL INSURANCE CO.,UHC Dual Complete GA-S2 (PPO D-SNP),00025002,40.00,590.00, , ,GA,11812,2,N
H3256,003,000,CARE IMPROVEMENT PLUS SOUTH CENTRAL INSURANCE CO.,UHC Dual Complete GA-S2 (PPO D-SNP),00025002,40.00,590.00, , ,GA,11820,2,N
H3256,003,000,CARE IMPROVEMENT PLUS SOUTH CENTRAL INSURANCE CO.,UHC Dual Complete GA-S2 (PPO D-SNP),00025002,40.00,590.00, , ,GA,11821,2,N
H3256,003,000,CARE IMPROVEMENT PLUS SOUTH CENTRAL INSURANCE CO.,UHC Dual Complete GA-S2 (PPO D-SNP),00025002,40.00,590.00, , ,GA,11830,2,N
H3256,003,000,CARE IMPROVEMENT PLUS SOUTH CENTRAL INSURANCE CO.,UHC Dual Complete GA-S2 (PPO D-SNP),00025002,40.00,590.00, , ,GA,11831,2,N
H3256,003,000,CARE IMPROVEMENT PLUS SOUTH CENTRAL INSURANCE CO.,UHC Dual Complete GA-S2 (PPO D-SNP),00025002,40.00,590.00, , ,GA,11832,2,N
H3256,003,000,CARE IMPROVEMENT PLUS SOUTH CENTRAL INSURANCE CO.,UHC Dual Complete GA-S2 (PPO D-SNP),00025002,40.00,590.00, , ,GA,11833,2,N
H3256,003,000,CARE IMPROVEMENT PLUS SOUTH CENTRAL INSURANCE CO.,UHC Dual Complete GA-S2 (PPO D-SNP),00025002,40.00,590.00, , ,GA,11834,2,N
H3256,003,000,CARE IMPROVEMENT PLUS SOUTH CENTRAL INSURANCE CO.,UHC Dual Complete GA-S2 (PPO D-SNP),00025002,40.00,590.00, , ,GA,11835,2,N
H3256,003,000,CARE IMPROVEMENT PLUS SOUTH CENTRAL INSURANCE CO.,UHC Dual Complete GA-S2 (PPO D-SNP),00025002,40.00,590.00, , ,GA,11840,2,N
H3256,003,000,CARE IMPROVEMENT PLUS SOUTH CENTRAL INSURANCE CO.,UHC Dual Complete GA-S2 (PPO D-SNP),00025002,40.00,590.00, , ,GA,11841,2,N
H3256,003,000,CARE IMPROVEMENT PLUS SOUTH CENTRAL INSURANCE CO.,UHC Dual Complete GA-S2 (PPO D-SNP),00025002,40.00,590.00, , ,GA,11842,2,N
H3256,003,000,CARE IMPROVEMENT PLUS SOUTH CENTRAL INSURANCE CO.,UHC Dual Complete GA-S2 (PPO D-SNP),00025002,40.00,590.00, , ,GA,11850,2,N
H3256,003,000,CARE IMPROVEMENT PLUS SOUTH CENTRAL INSURANCE CO.,UHC Dual Complete GA-S2 (PPO D-SNP),00025002,40.00,590.00, , ,GA,11851,2,N
H3256,003,000,CARE IMPROVEMENT PLUS SOUTH CENTRAL INSURANCE CO.,UHC Dual Complete GA-S2 (PPO D-SNP),00025002,40.00,590.00, , ,GA,11860,2,N
H3256,003,000,CARE IMPROVEMENT PLUS SOUTH CENTRAL INSURANCE CO.,UHC Dual Complete GA-S2 (PPO D-SNP),00025002,40.00,590.00, , ,GA,11861,2,N
H3256,003,000,CARE IMPROVEMENT PLUS SOUTH CENTRAL INSURANCE CO.,UHC Dual Complete GA-S2 (PPO D-SNP),00025002,40.00,590.00, , ,GA,11862,2,N
H3256,003,000,CARE IMPROVEMENT PLUS SOUTH CENTRAL INSURANCE CO.,UHC Dual Complete GA-S2 (PPO D-SNP),00025002,40.00,590.00, , ,GA,11870,2,N
H3256,003,000,CARE IMPROVEMENT PLUS SOUTH CENTRAL INSURANCE CO.,UHC Dual Complete GA-S2 (PPO D-SNP),00025002,40.00,590.00, , ,GA,11880,2,N
H3256,003,000,CARE IMPROVEMENT PLUS SOUTH CENTRAL INSURANCE CO.,UHC Dual Complete GA-S2 (PPO D-SNP),00025002,40.00,590.00, , ,GA,11881,2,N
H3256,003,000,CARE IMPROVEMENT PLUS SOUTH CENTRAL INSURANCE CO.,UHC Dual Complete GA-S2 (PPO D-SNP),00025002,40.00,590.00, , ,GA,11882,2,N
H3256,003,000,CARE IMPROVEMENT PLUS SOUTH CENTRAL INSURANCE CO.,UHC Dual Complete GA-S2 (PPO D-SNP),00025002,40.00,590.00, , ,GA,11883,2,N
H3256,003,000,CARE IMPROVEMENT PLUS SOUTH CENTRAL INSURANCE CO.,UHC Dual Complete GA-S2 (PPO D-SNP),00025002,40.00,590.00, , ,GA,11884,2,N
H3256,003,000,CARE IMPROVEMENT PLUS SOUTH CENTRAL INSURANCE CO.,UHC Dual Complete GA-S2 (PPO D-SNP),00025002,40.00,590.00, , ,GA,11885,2,N
H3256,003,000,CARE IMPROVEMENT PLUS SOUTH CENTRAL INSURANCE CO.,UHC Dual Complete GA-S2 (PPO D-SNP),00025002,40.00,590.00, , ,GA,11890,2,N
H3256,003,000,CARE IMPROVEMENT PLUS SOUTH CENTRAL INSURANCE CO.,UHC Dual Complete GA-S2 (PPO D-SNP),00025002,40.00,590.00, , ,GA,11900,2,N
H3256,003,000,CARE IMPROVEMENT PLUS SOUTH CENTRAL INSURANCE CO.,UHC Dual Complete GA-S2 (PPO D-SNP),00025002,40.00,590.00, , ,GA,11901,2,N
H3256,003,000,CARE IMPROVEMENT PLUS SOUTH CENTRAL INSURANCE CO.,UHC Dual Complete GA-S2 (PPO D-SNP),00025002,40.00,590.00, , ,GA,11902,2,N
H3256,003,000,CARE IMPROVEMENT PLUS SOUTH CENTRAL INSURANCE CO.,UHC Dual Complete GA-S2 (PPO D-SNP),00025002,40.00,590.00, , ,GA,11903,2,N
H3256,003,000,CARE IMPROVEMENT PLUS SOUTH CENTRAL INSURANCE CO.,UHC Dual Complete GA-S2 (PPO D-SNP),00025002,40.00,590.00, , ,GA,11910,2,N
H3256,003,000,CARE IMPROVEMENT PLUS SOUTH CENTRAL INSURANCE CO.,UHC Dual Complete GA-S2 (PPO D-SNP),00025002,40.00,590.00, , ,GA,11911,2,N
H3256,003,000,CARE IMPROVEMENT PLUS SOUTH CENTRAL INSURANCE CO.,UHC Dual Complete GA-S2 (PPO D-SNP),00025002,40.00,590.00, , ,GA,11912,2,N
H3256,003,000,CARE IMPROVEMENT PLUS SOUTH CENTRAL INSURANCE CO.,UHC Dual Complete GA-S2 (PPO D-SNP),00025002,40.00,590.00, , ,GA,11913,2,N
H3256,003,000,CARE IMPROVEMENT PLUS SOUTH CENTRAL INSURANCE CO.,UHC Dual Complete GA-S2 (PPO D-SNP),00025002,40.00,590.00, , ,GA,11920,2,N
H3256,003,000,CARE IMPROVEMENT PLUS SOUTH CENTRAL INSURANCE CO.,UHC Dual Complete GA-S2 (PPO D-SNP),00025002,40.00,590.00, , ,GA,11921,2,N
H3256,003,000,CARE IMPROVEMENT PLUS SOUTH CENTRAL INSURANCE CO.,UHC Dual Complete GA-S2 (PPO D-SNP),00025002,40.00,590.00, , ,GA,11930,2,N
H3256,003,000,CARE IMPROVEMENT PLUS SOUTH CENTRAL INSURANCE CO.,UHC Dual Complete GA-S2 (PPO D-SNP),00025002,40.00,590.00, , ,GA,11940,2,N
H3256,003,000,CARE IMPROVEMENT PLUS SOUTH CENTRAL INSURANCE CO.,UHC Dual Complete GA-S2 (PPO D-SNP),00025002,40.00,590.00, , ,GA,11941,2,N
H3256,003,000,CARE IMPROVEMENT PLUS SOUTH CENTRAL INSURANCE CO.,UHC Dual Complete GA-S2 (PPO D-SNP),00025002,40.00,590.00, , ,GA,11950,2,N
H3256,003,000,CARE IMPROVEMENT PLUS SOUTH CENTRAL INSURANCE CO.,UHC Dual Complete GA-S2 (PPO D-SNP),00025002,40.00,590.00, , ,GA,11960,2,N
H3256,003,000,CARE IMPROVEMENT PLUS SOUTH CENTRAL INSURANCE CO.,UHC Dual Complete GA-S2 (PPO D-SNP),00025002,40.00,590.00, , ,GA,11961,2,N
H3256,003,000,CARE IMPROVEMENT PLUS SOUTH CENTRAL INSURANCE CO.,UHC Dual Complete GA-S2 (PPO D-SNP),00025002,40.00,590.00, , ,GA,11962,2,N
H3256,003,000,CARE IMPROVEMENT PLUS SOUTH CENTRAL INSURANCE CO.,UHC Dual Complete GA-S2 (PPO D-SNP),00025002,40.00,590.00, , ,GA,11963,2,N
H3256,003,000,CARE IMPROVEMENT PLUS SOUTH CENTRAL INSURANCE CO.,UHC Dual Complete GA-S2 (PPO D-SNP),00025002,40.00,590.00, , ,GA,11970,2,N
H3256,003,000,CARE IMPROVEMENT PLUS SOUTH CENTRAL INSURANCE CO.,UHC Dual Complete GA-S2 (PPO D-SNP),00025002,40.00,590.00, , ,GA,11971,2,N
H3256,003,000,CARE IMPROVEMENT PLUS SOUTH CENTRAL INSURANCE CO.,UHC Dual Complete GA-S2 (PPO D-SNP),00025002,40.00,590.00, , ,GA,11972,2,N
H3256,003,000,CARE IMPROVEMENT PLUS SOUTH CENTRAL INSURANCE CO.,UHC Dual Complete GA-S2 (PPO D-SNP),00025002,40.00,590.00, , ,GA,11973,2,N
H3256,003,000,CARE IMPROVEMENT PLUS SOUTH CENTRAL INSURANCE CO.,UHC Dual Complete GA-S2 (PPO D-SNP),00025002,40.00,590.00, , ,GA,11980,2,N
